1.00E-11,22913.5
1.10E-11,21818
1.22E-11,20775.1
1.34E-11,19782
1.48E-11,18836.7
1.49E-11,18774.8
1.63E-11,17936.6
1.66E-11,17818.9
1.80E-11,17079.6
1.84E-11,16910.7
1.99E-11,16263.7
2.04E-11,16048.9
2.19E-11,15486.8
2.27E-11,15230.2
2.42E-11,14747.2
2.52E-11,14453.2
2.67E-11,14043
2.80E-11,13715.3
2.94E-11,13372.6
3.11E-11,13015
3.24E-11,12734.3
3.46E-11,12349.9
3.58E-11,12126.7
3.84E-11,11718.8
3.95E-11,11548.1
4.26E-11,11119.5
4.35E-11,10997.4
4.74E-11,10550.9
4.80E-11,10473.1
5.26E-11,10010.9
5.30E-11,9973.89
5.84E-11,9498.7
6.44E-11,9046.45
6.49E-11,9016.88
7.11E-11,8615.97
7.26E-11,8531.15
7.84E-11,8206.15
8.12E-11,8070.76
8.65E-11,7816.02
9.08E-11,7634.44
9.54E-11,7444.62
1.02E-10,7220.96
1.05E-10,7091.09
1.14E-10,6829.19
1.16E-10,6754.56
1.28E-10,6434.19
1.41E-10,6129.45
1.44E-10,6069.42
1.56E-10,5839.36
1.62E-10,5724.07
1.72E-10,5563.23
1.84E-10,5377.91
1.90E-10,5300.35
2.09E-10,5050.11
2.31E-10,4812.16
2.37E-10,4749.51
2.54E-10,4585.64
2.71E-10,4449.21
2.81E-10,4370
3.09E-10,4164.73
3.12E-10,4151.31
3.41E-10,3969.56
3.61E-10,3865.41
3.77E-10,3783.7
4.15E-10,3606.78
4.21E-10,3583.67
4.58E-10,3438.57
4.95E-10,3313.85
5.05E-10,3278.32
5.57E-10,3125.94
5.85E-10,3055.01
6.15E-10,2980.87
6.78E-10,2842.8
7.02E-10,2797.21
7.48E-10,2711.44
8.25E-10,2586.36
8.55E-10,2545.06
9.10E-10,2467.37
1.00E-09,2354.09
1.06E-09,2293.67
1.11E-09,2246.25
1.22E-09,2143.68
1.35E-09,2045.89
1.49E-09,1953.03
1.64E-09,1864.51
1.77E-09,1798.9
1.81E-09,1780.2
1.99E-09,1700.09
2.20E-09,1623.74
2.43E-09,1550.97
2.68E-09,1481.87
2.95E-09,1416.03
3.26E-09,1353.29
3.52E-09,1306.78
3.59E-09,1293.53
3.96E-09,1236.76
4.37E-09,1182.67
4.82E-09,1131.14
5.32E-09,1082.03
5.51E-09,1065.83
5.87E-09,1035.35
6.47E-09,990.951
7.14E-09,948.655
7.87E-09,908.347
8.68E-09,869.916
9.58E-09,833.259
9.85E-09,823.616
1.06E-08,798.388
1.17E-08,765.19
1.29E-08,733.559
1.42E-08,703.434
1.56E-08,674.738
1.73E-08,647.378
1.90E-08,621.267
2.10E-08,596.344
2.24E-08,581.324
2.32E-08,572.593
2.52E-08,552.637
2.53E-08,552.117
2.79E-08,530.53
3.08E-08,509.939
3.40E-08,490.265
3.75E-08,471.475
4.13E-08,453.541
4.56E-08,436.428
5.03E-08,420.115
5.54E-08,404.556
6.12E-08,389.64
6.75E-08,375.348
7.44E-08,361.674
8.21E-08,348.587
9.05E-08,336.052
9.99E-08,324.036
1.02E-07,321.658
1.10E-07,312.563
1.21E-07,301.569
1.34E-07,291.009
1.48E-07,280.9
1.63E-07,271.113
1.80E-07,261.669
1.98E-07,252.556
2.17E-07,244.365
2.38E-07,236.423
2.61E-07,228.7
2.86E-07,221.221
3.00E-07,217.377
3.15E-07,213.401
3.45E-07,206.35
3.78E-07,199.46
4.14E-07,192.706
4.53E-07,186.077
4.97E-07,179.549
5.22E-07,176.141
5.40E-07,173.661
5.88E-07,167.926
6.35E-07,162.749
6.90E-07,157.108
7.51E-07,151.495
7.56E-07,151.043
8.11E-07,146.519
8.76E-07,141.576
9.46E-07,136.632
1.00E-06,133.072
1.02E-06,131.742
1.11E-06,126.557
1.19E-06,122.216
1.26E-06,118.75
1.28E-06,117.893
1.37E-06,113.709
1.47E-06,109.497
1.53E-06,106.986
1.58E-06,105.341
1.69E-06,101.28
1.81E-06,97.1821
1.93E-06,93.6611
2.06E-06,90.1108
2.12E-06,88.5426
2.19E-06,86.6388
2.34E-06,83.2308
2.44E-06,80.9511
2.47E-06,80.2167
2.61E-06,77.319
2.76E-06,74.3993
2.92E-06,71.6476
3.07E-06,69.2351
3.13E-06,68.2201
3.22E-06,66.9193
3.36E-06,65.0132
3.48E-06,63.4576
3.58E-06,62.2597
3.61E-06,61.9634
3.71E-06,60.8571
3.77E-06,60.2278
3.85E-06,59.5171
3.91E-06,59.0992
3.96E-06,58.7419
4.02E-06,58.4656
4.06E-06,58.3287
4.09E-06,58.2874
4.10E-06,58.2552
4.15E-06,58.2473
4.17E-06,58.3147
4.20E-06,58.4549
4.23E-06,58.6864
4.26E-06,59.0323
4.27E-06,59.0621
4.29E-06,59.3473
4.31E-06,59.7577
4.33E-06,60.2843
4.35E-06,60.9593
4.36E-06,61.0356
4.38E-06,61.7742
4.39E-06,62.4356
4.41E-06,63.2184
4.42E-06,63.806
4.42E-06,64.1301
4.44E-06,65.1806
4.45E-06,66.4296
4.47E-06,67.527
4.48E-06,68.7954
4.48E-06,69.0551
4.49E-06,70.2108
4.50E-06,71.8402
4.51E-06,73.7349
4.52E-06,75.1707
4.53E-06,76.7782
4.53E-06,77.8346
4.54E-06,78.5651
4.55E-06,80.5404
4.55E-06,82.7634
4.56E-06,85.2736
4.57E-06,88.119
4.57E-06,89.0303
4.58E-06,91.3219
4.58E-06,94.0148
4.59E-06,97.0066
4.60E-06,101.202
4.60E-06,104.341
4.60E-06,104.401
4.61E-06,107.76
4.61E-06,111.533
4.62E-06,115.709
4.62E-06,120.342
4.63E-06,125.495
4.63E-06,128.367
4.63E-06,131.194
4.64E-06,137.51
4.64E-06,144.575
4.65E-06,152.492
4.65E-06,160.296
4.65E-06,167.761
4.66E-06,175.922
4.66E-06,184.842
4.67E-06,194.588
4.67E-06,205.229
4.67E-06,216.835
4.68E-06,229.476
4.68E-06,236.348
4.68E-06,243.242
4.68E-06,258.196
4.69E-06,274.376
4.69E-06,283.103
4.69E-06,291.863
4.70E-06,310.697
4.70E-06,330.869
4.70E-06,341.628
4.70E-06,352.416
4.70E-06,358.225
4.71E-06,387.344
4.71E-06,412.54
4.71E-06,425.189
4.72E-06,465.704
4.73E-06,523.17
4.73E-06,577.135
4.74E-06,625.285
4.75E-06,673.615
4.75E-06,676.451
4.75E-06,727.713
4.75E-06,730.572
4.76E-06,769.628
4.76E-06,775.381
4.77E-06,804.262
4.77E-06,816.813
4.77E-06,834.27
4.78E-06,851.427
4.78E-06,864.256
4.78E-06,872.183
4.78E-06,873.064
4.79E-06,878.892
4.79E-06,880.161
4.79E-06,878.084
4.80E-06,877.052
4.80E-06,869.45
4.80E-06,861.233
4.80E-06,859.156
4.81E-06,842.569
4.81E-06,828.758
4.81E-06,821.793
4.82E-06,793.926
4.82E-06,783.339
4.82E-06,762.024
4.83E-06,734.369
4.83E-06,711.864
4.83E-06,688.939
4.84E-06,639.991
4.84E-06,631.199
4.85E-06,572.307
4.85E-06,542.768
4.85E-06,536.839
4.86E-06,480.369
4.86E-06,459.108
4.87E-06,440.424
4.87E-06,402.977
4.87E-06,384.52
4.88E-06,368.312
4.88E-06,346.8
4.88E-06,326.614
4.89E-06,307.743
4.89E-06,290.161
4.90E-06,273.827
4.90E-06,269.286
4.90E-06,258.689
4.90E-06,244.69
4.91E-06,231.769
4.91E-06,219.859
4.91E-06,208.893
4.92E-06,198.802
4.92E-06,189.52
4.93E-06,180.982
4.93E-06,178.625
4.93E-06,173.162
4.93E-06,164.953
4.94E-06,156.564
4.94E-06,149.013
4.95E-06,146.132
4.95E-06,142.236
4.95E-06,136.472
4.96E-06,131.529
4.96E-06,126.99
4.97E-06,122.813
4.97E-06,121.252
4.97E-06,117.193
4.98E-06,112.211
4.99E-06,107.756
4.99E-06,105.2
4.99E-06,103.854
5.00E-06,100.36
5.01E-06,97.1896
5.01E-06,94.2998
5.02E-06,91.6558
5.02E-06,91.3113
5.02E-06,89.2683
5.03E-06,86.3865
5.04E-06,83.7937
5.05E-06,81.4489
5.05E-06,80.3556
5.06E-06,79.2948
5.07E-06,77.3181
5.08E-06,75.5186
5.09E-06,73.8736
5.10E-06,71.6546
5.11E-06,70.3354
5.11E-06,69.7107
5.13E-06,68.0239
5.14E-06,66.4942
5.15E-06,65.119
5.17E-06,63.8757
5.18E-06,62.746
5.18E-06,62.7418
5.20E-06,61.4493
5.22E-06,60.2839
5.23E-06,59.245
5.25E-06,58.3137
5.25E-06,58.3111
5.27E-06,57.5131
5.30E-06,56.4454
5.33E-06,55.5297
5.35E-06,54.7384
5.36E-06,54.5115
5.38E-06,54.0728
5.41E-06,53.5173
5.45E-06,52.9424
5.47E-06,52.6054
5.50E-06,52.3181
5.53E-06,52.1166
5.56E-06,52.0034
5.59E-06,51.9854
5.62E-06,52.073
5.63E-06,52.175
5.65E-06,52.2605
5.68E-06,52.5694
5.70E-06,52.8661
5.72E-06,53.2495
5.74E-06,53.7332
5.75E-06,54.1646
5.76E-06,54.3161
5.78E-06,54.9945
5.80E-06,55.8341
5.81E-06,56.5897
5.83E-06,57.4669
5.83E-06,57.7693
5.85E-06,58.4494
5.86E-06,59.5798
5.88E-06,60.9066
5.89E-06,62.475
5.90E-06,63.0226
5.90E-06,63.65
5.91E-06,64.9456
5.92E-06,66.397
5.93E-06,68.0258
5.93E-06,68.272
5.94E-06,69.8245
5.95E-06,71.852
5.96E-06,73.8063
5.97E-06,75.4659
5.97E-06,75.9769
5.98E-06,78.3734
5.99E-06,81.0694
6.00E-06,84.1123
6.01E-06,87.0912
6.01E-06,87.5522
6.01E-06,90.4036
6.02E-06,93.5576
6.03E-06,97.6703
6.03E-06,101.338
6.03E-06,101.617
6.04E-06,105.982
6.05E-06,110.88
6.05E-06,116.397
6.06E-06,121.002
6.06E-06,124.136
6.06E-06,126.051
6.07E-06,131.592
6.07E-06,137.715
6.08E-06,144.699
6.09E-06,152.929
6.09E-06,159.409
6.09E-06,162.16
6.10E-06,172.529
6.10E-06,180.158
6.10E-06,188.419
6.11E-06,197.369
6.11E-06,207.597
6.11E-06,218.726
6.12E-06,228.411
6.12E-06,230.838
6.12E-06,244.029
6.13E-06,258.357
6.13E-06,270.794
6.13E-06,273.911
6.13E-06,290.798
6.14E-06,305.412
6.14E-06,309.075
6.14E-06,328.847
6.14E-06,345.889
6.14E-06,350.16
6.15E-06,373.109
6.15E-06,380.487
6.15E-06,397.744
6.16E-06,418.813
6.16E-06,424.094
6.16E-06,452.21
6.16E-06,461.286
6.17E-06,497.689
6.17E-06,507.544
6.17E-06,547.078
6.17E-06,557.673
6.18E-06,600.183
6.18E-06,611.451
6.18E-06,656.664
6.18E-06,668.576
6.19E-06,728.329
6.19E-06,736.323
6.20E-06,792.441
6.20E-06,838.301
6.20E-06,896.828
6.21E-06,950.283
6.21E-06,970.249
6.21E-06,1002.03
6.22E-06,1049.83
6.22E-06,1060.86
6.22E-06,1105.14
6.23E-06,1115.16
6.23E-06,1153.69
6.24E-06,1195.48
6.24E-06,1198.55
6.24E-06,1230.51
6.25E-06,1259.09
6.25E-06,1278.45
6.25E-06,1281.05
6.26E-06,1287.86
6.26E-06,1288.87
6.26E-06,1286.7
6.27E-06,1285.8
6.27E-06,1273.89
6.27E-06,1260.26
6.28E-06,1248.44
6.28E-06,1236.51
6.28E-06,1206.49
6.29E-06,1164.69
6.29E-06,1148.69
6.30E-06,1116.46
6.30E-06,1080.48
6.30E-06,1044.27
6.31E-06,1004.77
6.31E-06,925.337
6.32E-06,843.798
6.33E-06,761.926
6.34E-06,683.59
6.34E-06,646.504
6.34E-06,627.895
6.35E-06,575.296
6.35E-06,542.598
6.35E-06,526.213
6.36E-06,480.796
6.36E-06,452.627
6.37E-06,426.139
6.37E-06,401.306
6.38E-06,378.086
6.38E-06,356.427
6.38E-06,336.265
6.39E-06,317.53
6.39E-06,300.148
6.39E-06,284.107
6.40E-06,269.259
6.40E-06,255.526
6.41E-06,242.828
6.41E-06,229.767
6.41E-06,217.814
6.42E-06,206.87
6.42E-06,196.842
6.43E-06,187.725
6.43E-06,179.535
6.44E-06,172.076
6.44E-06,165.189
6.45E-06,156.878
6.45E-06,149.373
6.46E-06,142.645
6.46E-06,136.532
6.47E-06,130.961
6.47E-06,125.864
6.48E-06,121.105
6.48E-06,116.739
6.49E-06,114.025
6.49E-06,111.518
6.50E-06,109.052
6.50E-06,104.608
6.51E-06,100.583
6.52E-06,96.9187
6.52E-06,96.0813
6.53E-06,93.6215
6.53E-06,90.6163
6.54E-06,87.1952
6.55E-06,85.336
6.55E-06,84.1245
6.56E-06,81.3736
6.57E-06,78.8632
6.58E-06,76.5624
6.59E-06,75.2919
6.59E-06,74.4672
6.60E-06,72.5667
6.61E-06,70.8088
6.62E-06,68.821
6.62E-06,68.2696
6.63E-06,67.0351
6.64E-06,65.4093
6.66E-06,63.9099
6.67E-06,62.5217
6.67E-06,62.1265
6.68E-06,60.6771
6.70E-06,59.033
6.72E-06,57.5256
6.74E-06,56.1551
6.74E-06,55.8983
6.76E-06,54.9468
6.77E-06,53.8506
6.79E-06,52.8411
6.81E-06,51.8986
6.81E-06,51.7233
6.83E-06,50.7883
6.86E-06,49.7876
6.88E-06,48.8725
6.91E-06,48.0247
6.91E-06,47.9052
6.93E-06,47.2785
6.97E-06,46.2724
7.00E-06,45.3628
7.04E-06,44.5278
7.06E-06,44.1926
7.08E-06,43.7928
7.11E-06,43.1337
7.16E-06,42.3265
7.21E-06,41.7152
7.21E-06,41.5945
7.26E-06,40.9604
7.32E-06,40.3705
7.37E-06,39.8176
7.41E-06,39.3938
7.45E-06,39.0742
7.52E-06,38.4235
7.60E-06,37.8163
7.67E-06,37.3088
7.68E-06,37.2491
7.76E-06,36.7607
7.87E-06,36.1518
7.99E-06,35.5853
8.06E-06,35.2369
8.10E-06,35.0766
8.20E-06,34.7031
8.31E-06,34.3067
8.43E-06,33.9571
8.52E-06,33.7296
8.58E-06,33.5882
8.61E-06,33.5426
8.70E-06,33.4108
8.79E-06,33.3329
8.85E-06,33.3173
8.91E-06,33.3361
8.98E-06,33.3971
9.04E-06,33.5096
9.10E-06,33.6862
9.15E-06,33.8677
9.20E-06,34.1015
9.25E-06,34.3966
9.30E-06,34.7637
9.34E-06,35.14
9.35E-06,35.2209
9.38E-06,35.5742
9.41E-06,35.982
9.44E-06,36.4562
9.48E-06,37.0085
9.51E-06,37.6493
9.54E-06,38.3944
9.57E-06,39.0366
9.60E-06,39.7661
9.60E-06,39.9109
9.62E-06,40.5777
9.65E-06,41.4952
9.67E-06,42.5391
9.70E-06,43.7307
9.72E-06,45.1173
9.74E-06,46.1578
9.76E-06,47.3052
9.77E-06,48.5738
9.79E-06,49.9805
9.81E-06,51.5451
9.82E-06,53.2913
9.84E-06,55.035
9.84E-06,55.53
9.85E-06,56.7372
9.87E-06,58.6098
9.88E-06,60.6767
9.89E-06,62.9655
9.91E-06,65.5092
9.92E-06,68.3472
9.93E-06,71.3081
9.93E-06,71.5282
9.95E-06,74.577
9.96E-06,77.3651
9.97E-06,80.4153
9.98E-06,83.7626
9.99E-06,87.4484
9.99E-06,91.5219
1.00E-05,93.7818
1.00E-05,96.0527
1.00E-05,101.112
1.00E-05,106.18
1.00E-05,106.802
1.00E-05,111.176
1.00E-05,116.686
1.00E-05,122.785
1.00E-05,124.48
1.01E-05,129.588
1.01E-05,137.191
1.01E-05,141.391
1.01E-05,143.502
1.01E-05,150.419
1.01E-05,157.998
1.01E-05,162.135
1.01E-05,165.257
1.01E-05,175.167
1.01E-05,186.198
1.01E-05,189.468
1.01E-05,195.339
1.01E-05,205.299
1.01E-05,215.869
1.01E-05,216.148
1.01E-05,228.039
1.01E-05,241.015
1.01E-05,249.374
1.01E-05,255.216
1.01E-05,270.775
1.01E-05,276.479
1.01E-05,290.22
1.01E-05,305.463
1.01E-05,313.114
1.01E-05,329.827
1.01E-05,338.793
1.01E-05,347.796
1.02E-05,367.1
1.02E-05,377.444
1.02E-05,387.829
1.02E-05,410.064
1.02E-05,421.982
1.02E-05,435.478
1.02E-05,464.493
1.02E-05,495.804
1.02E-05,512.611
1.02E-05,529.472
1.02E-05,563.898
1.02E-05,617.17
1.02E-05,675.387
1.02E-05,738.667
1.02E-05,807.039
1.02E-05,880.435
1.02E-05,958.676
1.02E-05,1042.12
1.02E-05,1070
1.02E-05,1158.59
1.02E-05,1188.19
1.02E-05,1281.12
1.02E-05,1343.21
1.02E-05,1469.95
1.03E-05,1660.35
1.03E-05,1782.04
1.03E-05,1896.09
1.03E-05,1998.99
1.03E-05,2043.59
1.03E-05,2085.77
1.03E-05,2120.38
1.03E-05,2154.78
1.03E-05,2181.77
1.03E-05,2195.85
1.03E-05,2226.92
1.03E-05,2245.66
1.03E-05,2247.93
1.03E-05,2251.84
1.03E-05,2248.49
1.03E-05,2244.47
1.03E-05,2235.61
1.03E-05,2224.57
1.03E-05,2206.09
1.03E-05,2187.41
1.03E-05,2175.29
1.03E-05,2135.57
1.03E-05,2109.16
1.04E-05,2078.74
1.04E-05,2024.85
1.04E-05,1988.71
1.04E-05,1926.63
1.04E-05,1885.05
1.04E-05,1816.68
1.04E-05,1770.95
1.04E-05,1697.61
1.04E-05,1587.35
1.04E-05,1574.82
1.04E-05,1323.86
1.04E-05,1273.65
1.04E-05,1123.85
1.04E-05,1027.74
1.04E-05,1010.81
1.04E-05,930.952
1.04E-05,870.671
1.04E-05,855.64
1.04E-05,785.223
1.04E-05,732.767
1.04E-05,719.691
1.05E-05,659.175
1.05E-05,651.744
1.05E-05,603.584
1.05E-05,579.817
1.05E-05,552.747
1.05E-05,521.391
1.05E-05,509.757
1.05E-05,480.794
1.05E-05,452.703
1.05E-05,443.968
1.05E-05,426.576
1.05E-05,402.272
1.05E-05,392.577
1.05E-05,379.708
1.05E-05,358.769
1.05E-05,352.282
1.05E-05,339.381
1.05E-05,321.411
1.05E-05,304.728
1.05E-05,301.778
1.05E-05,289.33
1.05E-05,275.059
1.05E-05,261.81
1.05E-05,259.789
1.05E-05,244.758
1.05E-05,231.13
1.05E-05,224.016
1.05E-05,218.725
1.05E-05,207.436
1.05E-05,197.097
1.05E-05,195.741
1.05E-05,187.677
1.06E-05,179.033
1.06E-05,173.347
1.06E-05,171.093
1.06E-05,161.518
1.06E-05,152.889
1.06E-05,150.076
1.06E-05,146.458
1.06E-05,139.57
1.06E-05,133.277
1.06E-05,131.355
1.06E-05,127.55
1.06E-05,120.652
1.06E-05,116.175
1.06E-05,114.475
1.06E-05,108.951
1.06E-05,103.944
1.06E-05,99.3854
1.06E-05,99.1543
1.06E-05,95.0601
1.07E-05,90.9199
1.07E-05,87.1452
1.07E-05,86.1087
1.07E-05,83.7267
1.07E-05,80.605
1.07E-05,77.7316
1.07E-05,75.3438
1.07E-05,75.0828
1.07E-05,71.5293
1.07E-05,68.4507
1.07E-05,65.6721
1.08E-05,65.1509
1.08E-05,63.1931
1.08E-05,60.9494
1.08E-05,58.9021
1.08E-05,57.0269
1.08E-05,56.7893
1.08E-05,55.3349
1.08E-05,53.7824
1.09E-05,51.8539
1.09E-05,50.9576
1.09E-05,50.1347
1.09E-05,48.5998
1.09E-05,47.2077
1.09E-05,45.9401
1.09E-05,45.4211
1.09E-05,44.8004
1.10E-05,43.772
1.10E-05,42.3799
1.10E-05,41.1398
1.11E-05,40.087
1.11E-05,40.0418
1.11E-05,39.1022
1.11E-05,38.2659
1.11E-05,37.5195
1.12E-05,36.8428
1.12E-05,36.2371
1.12E-05,36.0822
1.12E-05,35.5546
1.13E-05,34.9772
1.13E-05,34.4827
1.14E-05,34.0641
1.14E-05,33.7185
1.14E-05,33.441
1.14E-05,33.3921
1.15E-05,33.2361
1.15E-05,33.0988
1.16E-05,33.027
1.16E-05,33.0216
1.16E-05,33.0853
1.17E-05,33.2246
1.17E-05,33.4455
1.18E-05,33.7565
1.18E-05,34.1685
1.18E-05,34.5581
1.19E-05,35.0223
1.19E-05,35.571
1.19E-05,36.2161
1.19E-05,36.4366
1.20E-05,36.9609
1.20E-05,37.8378
1.20E-05,38.8722
1.20E-05,39.6603
1.21E-05,40.5386
1.21E-05,41.5184
1.21E-05,42.613
1.21E-05,43.8383
1.21E-05,44.554
1.21E-05,45.0967
1.22E-05,46.3705
1.22E-05,47.78
1.22E-05,49.3435
1.22E-05,51.0823
1.22E-05,53.022
1.23E-05,55.1929
1.23E-05,57.6315
1.23E-05,59.9758
1.23E-05,62.1395
1.23E-05,64.5117
1.23E-05,66.8185
1.23E-05,67.1215
1.23E-05,70.0156
1.24E-05,73.2155
1.24E-05,76.7666
1.24E-05,80.7236
1.24E-05,81.5676
1.24E-05,84.454
1.24E-05,87.7947
1.24E-05,91.4245
1.24E-05,92.0836
1.24E-05,95.4011
1.24E-05,99.7495
1.24E-05,104.515
1.24E-05,108.883
1.24E-05,109.763
1.25E-05,115.589
1.25E-05,121.67
1.25E-05,122.064
1.25E-05,128.018
1.25E-05,135.028
1.25E-05,136.485
1.25E-05,142.841
1.25E-05,151.544
1.25E-05,154.584
1.25E-05,161.318
1.25E-05,169.438
1.25E-05,171.287
1.25E-05,178.361
1.25E-05,188.15
1.25E-05,191.712
1.25E-05,197.535
1.25E-05,206.879
1.25E-05,210.34
1.25E-05,224.074
1.25E-05,224.627
1.25E-05,236.456
1.25E-05,244.027
1.25E-05,249.323
1.25E-05,263.342
1.25E-05,266.858
1.26E-05,278.646
1.26E-05,293.171
1.26E-05,295.318
1.26E-05,313.531
1.26E-05,315.563
1.26E-05,333.42
1.26E-05,340.687
1.26E-05,359.104
1.26E-05,368.385
1.26E-05,379.181
1.26E-05,399.171
1.26E-05,400.756
1.26E-05,423.969
1.26E-05,431.849
1.26E-05,448.897
1.26E-05,467.781
1.26E-05,475.63
1.26E-05,504.283
1.26E-05,507.267
1.26E-05,534.984
1.26E-05,551.088
1.26E-05,576.969
1.26E-05,598.836
1.26E-05,622.557
1.26E-05,652.881
1.26E-05,671.92
1.26E-05,712.868
1.26E-05,725.206
1.26E-05,778.392
1.26E-05,791.745
1.26E-05,849.352
1.26E-05,863.812
1.26E-05,925.884
1.26E-05,941.463
1.26E-05,1007.97
1.26E-05,1024.66
1.27E-05,1095.49
1.27E-05,1113.26
1.27E-05,1188.83
1.27E-05,1239.36
1.27E-05,1286.26
1.27E-05,1373.63
1.27E-05,1423.11
1.27E-05,1550.74
1.27E-05,1565.44
1.27E-05,1786.65
1.27E-05,2067.42
1.27E-05,2276.3
1.27E-05,2289.03
1.27E-05,2403.15
1.27E-05,2471.31
1.27E-05,2516.49
1.27E-05,2574.59
1.27E-05,2613.05
1.27E-05,2651.79
1.27E-05,2690.15
1.28E-05,2713.29
1.28E-05,2737.5
1.28E-05,2760.09
1.28E-05,2767.74
1.28E-05,2783.72
1.28E-05,2784.09
1.28E-05,2785.88
1.28E-05,2781.42
1.28E-05,2780.4
1.28E-05,2761.23
1.28E-05,2750.32
1.28E-05,2725.94
1.28E-05,2705.33
1.28E-05,2693.37
1.28E-05,2648.08
1.28E-05,2617.52
1.28E-05,2570.19
1.28E-05,2522.38
1.28E-05,2466.75
1.28E-05,2410.67
1.28E-05,2348.23
1.28E-05,2285.42
1.28E-05,2216.94
1.28E-05,2079.24
1.28E-05,2006.73
1.29E-05,1715.45
1.29E-05,1533.23
1.29E-05,1359.78
1.29E-05,1294.13
1.29E-05,1228.69
1.29E-05,1105.76
1.29E-05,1019.57
1.29E-05,992.548
1.29E-05,938.684
1.29E-05,888.298
1.29E-05,863.201
1.29E-05,793.133
1.29E-05,749.483
1.29E-05,708.411
1.29E-05,696.146
1.29E-05,646.677
1.29E-05,639.611
1.29E-05,600.927
1.29E-05,584.642
1.29E-05,558.706
1.29E-05,534.535
1.29E-05,527.778
1.29E-05,498.89
1.30E-05,471.805
1.30E-05,468.71
1.30E-05,446.582
1.30E-05,427.021
1.30E-05,423.017
1.30E-05,401.083
1.30E-05,390.079
1.30E-05,380.632
1.30E-05,357.25
1.30E-05,354.405
1.30E-05,334.094
1.30E-05,315.361
1.30E-05,314.918
1.30E-05,298.24
1.30E-05,282.446
1.30E-05,279.828
1.30E-05,267.977
1.30E-05,254.633
1.30E-05,250.519
1.30E-05,242.364
1.30E-05,230.321
1.30E-05,227.477
1.30E-05,214.11
1.30E-05,209.877
1.30E-05,204.284
1.30E-05,193.993
1.30E-05,192.42
1.30E-05,184.64
1.30E-05,176.06
1.30E-05,170.718
1.31E-05,160.975
1.31E-05,153.281
1.31E-05,152.195
1.31E-05,144.324
1.31E-05,138.952
1.31E-05,137.185
1.31E-05,130.732
1.31E-05,125.17
1.31E-05,123.456
1.31E-05,120.077
1.31E-05,113.891
1.31E-05,111.08
1.31E-05,108.309
1.31E-05,103.256
1.31E-05,100.943
1.31E-05,98.6662
1.31E-05,94.4855
1.32E-05,90.6324
1.32E-05,88.8639
1.32E-05,86.4364
1.32E-05,82.0356
1.32E-05,78.6241
1.32E-05,78.0661
1.32E-05,74.5218
1.32E-05,71.2904
1.32E-05,70.6563
1.32E-05,68.3747
1.33E-05,65.7092
1.33E-05,64.3057
1.33E-05,63.2713
1.33E-05,60.7005
1.33E-05,59.1525
1.33E-05,58.0581
1.33E-05,55.6877
1.33E-05,53.5266
1.33E-05,53.2858
1.34E-05,51.5874
1.34E-05,49.8126
1.34E-05,48.7296
1.34E-05,48.191
1.34E-05,46.7196
1.34E-05,45.1607
1.35E-05,43.5487
1.35E-05,43.5237
1.35E-05,42.1211
1.35E-05,40.8146
1.35E-05,39.6132
1.35E-05,39.6104
1.35E-05,38.5412
1.36E-05,37.5503
1.36E-05,36.6311
1.36E-05,35.7697
1.36E-05,35.7594
1.37E-05,34.62
1.37E-05,33.5816
1.37E-05,32.9503
1.37E-05,32.6493
1.38E-05,31.8219
1.38E-05,31.0632
1.38E-05,30.3546
1.39E-05,29.9206
1.39E-05,29.7105
1.39E-05,28.9524
1.40E-05,28.2644
1.40E-05,27.6318
1.41E-05,27.1951
1.41E-05,27.0546
1.41E-05,26.545
1.42E-05,26.0743
1.42E-05,25.6347
1.43E-05,25.3271
1.43E-05,25.228
1.43E-05,24.6912
1.44E-05,24.2033
1.45E-05,23.7545
1.46E-05,23.411
1.46E-05,23.3465
1.46E-05,22.9813
1.47E-05,22.6457
1.48E-05,22.3385
1.49E-05,22.054
1.50E-05,21.795
1.50E-05,21.6001
1.51E-05,21.3846
1.52E-05,21.1951
1.53E-05,21.0317
1.53E-05,20.9857
1.53E-05,20.8827
1.54E-05,20.7589
1.55E-05,20.6705
1.55E-05,20.6702
1.56E-05,20.5962
1.57E-05,20.5699
1.57E-05,20.5846
1.57E-05,20.585
1.58E-05,20.6049
1.58E-05,20.6592
1.59E-05,20.7529
1.59E-05,20.7557
1.59E-05,20.8693
1.60E-05,21.0404
1.60E-05,21.0434
1.60E-05,21.1907
1.61E-05,21.3826
1.61E-05,21.5492
1.61E-05,21.6156
1.62E-05,21.8888
1.62E-05,22.2286
1.62E-05,22.3752
1.63E-05,22.6265
1.63E-05,23.1062
1.63E-05,23.3103
1.63E-05,23.4759
1.64E-05,23.8669
1.64E-05,24.2892
1.64E-05,24.6619
1.64E-05,24.7635
1.64E-05,25.2845
1.65E-05,25.8785
1.65E-05,26.2329
1.65E-05,26.5437
1.65E-05,27.2908
1.65E-05,28.1471
1.65E-05,28.4094
1.66E-05,28.9994
1.66E-05,29.8338
1.66E-05,30.3484
1.66E-05,30.7597
1.66E-05,31.7887
1.66E-05,32.5451
1.66E-05,32.9395
1.67E-05,34.2252
1.67E-05,35.3253
1.67E-05,35.6749
1.67E-05,37.3052
1.67E-05,38.8856
1.67E-05,40.3384
1.67E-05,41.942
1.68E-05,43.5893
1.68E-05,43.715
1.68E-05,45.6684
1.68E-05,47.8425
1.68E-05,50.2697
1.68E-05,50.6581
1.68E-05,52.9818
1.68E-05,55.6875
1.68E-05,58.3243
1.68E-05,61.2351
1.69E-05,64.4592
1.69E-05,65.274
1.69E-05,68.0519
1.69E-05,72.065
1.69E-05,74.3157
1.69E-05,76.5753
1.69E-05,80.3363
1.69E-05,80.9616
1.69E-05,84.4759
1.69E-05,86.1417
1.69E-05,89.4852
1.69E-05,91.971
1.69E-05,95.0917
1.69E-05,98.587
1.69E-05,101.395
1.69E-05,104.118
1.69E-05,106.654
1.69E-05,107.081
1.70E-05,112.439
1.70E-05,118.82
1.70E-05,119.601
1.70E-05,125.875
1.70E-05,132.829
1.70E-05,133.703
1.70E-05,140.466
1.70E-05,142.406
1.70E-05,145.928
1.70E-05,148.756
1.70E-05,151.847
1.70E-05,158.053
1.70E-05,159.611
1.70E-05,164.751
1.70E-05,168.623
1.70E-05,171.894
1.70E-05,178.464
1.70E-05,179.485
1.70E-05,187.683
1.70E-05,189.228
1.70E-05,196.506
1.70E-05,201.005
1.70E-05,205.9
1.70E-05,213.891
1.70E-05,215.898
1.70E-05,226.65
1.70E-05,228
1.70E-05,236.077
1.70E-05,243.452
1.70E-05,247.462
1.70E-05,259.548
1.70E-05,260.358
1.70E-05,272.676
1.70E-05,278.865
1.70E-05,286.474
1.70E-05,294.311
1.70E-05,301.263
1.70E-05,313.18
1.70E-05,316.929
1.71E-05,333.549
1.71E-05,351.456
1.71E-05,355.536
1.71E-05,370.44
1.71E-05,379.22
1.71E-05,390.545
1.71E-05,404.694
1.71E-05,408.25
1.71E-05,430.871
1.71E-05,432.068
1.71E-05,455.032
1.71E-05,461.442
1.71E-05,480.639
1.71E-05,497.861
1.71E-05,507.506
1.71E-05,535.831
1.71E-05,542.572
1.71E-05,565.99
1.71E-05,591.139
1.71E-05,597.239
1.71E-05,631.382
1.71E-05,643.698
1.71E-05,668.3
1.71E-05,706.325
1.71E-05,710.146
1.71E-05,746.942
1.71E-05,771.584
1.71E-05,788.991
1.71E-05,832.698
1.71E-05,837.093
1.71E-05,902.498
1.71E-05,930.702
1.71E-05,975.689
1.71E-05,1030.99
1.71E-05,1052.16
1.71E-05,1131.99
1.71E-05,1137.34
1.71E-05,1215.97
1.72E-05,1306.3
1.72E-05,1329.67
1.72E-05,1467.66
1.72E-05,1653.56
1.72E-05,1777.8
1.72E-05,1944.63
1.72E-05,2026.78
1.72E-05,2047.21
1.72E-05,2140.2
1.72E-05,2221.46
1.72E-05,2235.19
1.72E-05,2289.26
1.72E-05,2310.53
1.72E-05,2344.42
1.72E-05,2350.08
1.72E-05,2375.76
1.73E-05,2382.48
1.73E-05,2396.28
1.73E-05,2399.49
1.73E-05,2400.71
1.73E-05,2399.04
1.73E-05,2396.72
1.73E-05,2383.95
1.73E-05,2374.4
1.73E-05,2350.98
1.73E-05,2333.5
1.73E-05,2301.87
1.73E-05,2292.4
1.73E-05,2237.64
1.73E-05,2229.99
1.73E-05,2159.95
1.73E-05,2151.13
1.73E-05,2070.66
1.73E-05,2060.71
1.73E-05,1960.03
1.73E-05,1919.38
1.73E-05,1853.48
1.73E-05,1753.76
1.73E-05,1685.24
1.74E-05,1512.75
1.74E-05,1351.15
1.74E-05,1185.97
1.74E-05,1081.54
1.74E-05,1071.65
1.74E-05,982.988
1.74E-05,927.505
1.74E-05,890.737
1.74E-05,825.968
1.74E-05,797.564
1.74E-05,757.26
1.74E-05,719.808
1.74E-05,690.034
1.74E-05,650.01
1.74E-05,648.281
1.74E-05,596.493
1.74E-05,588.991
1.74E-05,551.77
1.74E-05,533.836
1.74E-05,510.578
1.75E-05,484.028
1.75E-05,472.75
1.75E-05,438.094
1.75E-05,416.748
1.75E-05,396.847
1.75E-05,387
1.75E-05,359.891
1.75E-05,335.309
1.75E-05,327.8
1.75E-05,312.958
1.75E-05,299.365
1.75E-05,292.649
1.75E-05,274.205
1.75E-05,257.522
1.75E-05,252.425
1.75E-05,242.361
1.75E-05,233.135
1.75E-05,228.582
1.75E-05,216.052
1.75E-05,214.132
1.75E-05,204.682
1.75E-05,195.986
1.75E-05,194.274
1.75E-05,184.811
1.75E-05,180.441
1.76E-05,176.141
1.76E-05,168.186
1.76E-05,166.957
1.76E-05,160.931
1.76E-05,152.082
1.76E-05,150.068
1.76E-05,144.168
1.76E-05,137.417
1.76E-05,136.172
1.76E-05,131.306
1.76E-05,125.684
1.76E-05,124.641
1.76E-05,120.561
1.76E-05,114.935
1.76E-05,114.322
1.76E-05,108.74
1.76E-05,106.693
1.76E-05,103.694
1.77E-05,99.0963
1.77E-05,97.3965
1.77E-05,94.9131
1.77E-05,91.1705
1.77E-05,89.6502
1.77E-05,87.7303
1.77E-05,83.539
1.77E-05,83.391
1.77E-05,79.7942
1.77E-05,76.35
1.77E-05,75.9824
1.77E-05,73.2524
1.77E-05,70.3914
1.77E-05,69.8793
1.78E-05,67.7928
1.78E-05,64.9391
1.78E-05,64.7699
1.78E-05,61.9901
1.78E-05,59.2948
1.78E-05,59.1569
1.78E-05,56.907
1.78E-05,54.7091
1.79E-05,53.8034
1.79E-05,52.7093
1.79E-05,51.185
1.79E-05,50.89
1.79E-05,49.2434
1.79E-05,47.52
1.79E-05,46.8298
1.79E-05,45.7935
1.80E-05,44.2257
1.80E-05,43.3357
1.80E-05,42.7931
1.80E-05,41.4953
1.80E-05,40.485
1.80E-05,40.2927
1.81E-05,39.214
1.81E-05,38.2022
1.81E-05,37.0974
1.81E-05,37.0727
1.81E-05,35.9233
1.82E-05,34.8601
1.82E-05,34.4838
1.82E-05,33.9064
1.82E-05,33.0388
1.83E-05,32.2366
1.83E-05,32.228
1.83E-05,31.5132
1.84E-05,30.5209
1.84E-05,30.21
1.84E-05,29.6362
1.85E-05,28.8418
1.85E-05,28.6035
1.85E-05,28.1374
1.85E-05,27.4986
1.86E-05,27.3018
1.86E-05,26.9303
1.86E-05,26.4087
1.87E-05,25.9265
1.87E-05,25.7744
1.88E-05,25.2261
1.88E-05,24.849
1.88E-05,24.7326
1.89E-05,24.3056
1.90E-05,23.9094
1.90E-05,23.6382
1.90E-05,23.5522
1.91E-05,23.2478
1.92E-05,22.9183
1.92E-05,22.7741
1.93E-05,22.5958
1.93E-05,22.4565
1.94E-05,22.1783
1.94E-05,22.1728
1.95E-05,21.9749
1.96E-05,21.8149
1.97E-05,21.7349
1.97E-05,21.7084
1.98E-05,21.6698
1.99E-05,21.6817
2.00E-05,21.7504
2.01E-05,21.8306
2.01E-05,21.8341
2.02E-05,21.9579
2.03E-05,22.1221
2.03E-05,22.3261
2.04E-05,22.5743
2.04E-05,22.5839
2.05E-05,22.891
2.05E-05,23.2682
2.06E-05,23.7121
2.07E-05,24.2328
2.07E-05,24.2521
2.07E-05,24.7037
2.08E-05,25.2379
2.09E-05,25.8381
2.09E-05,26.5136
2.09E-05,26.5481
2.10E-05,27.3006
2.10E-05,28.1879
2.10E-05,28.4691
2.11E-05,29.2285
2.11E-05,30.4151
2.12E-05,31.0811
2.12E-05,31.3006
2.12E-05,32.2878
2.12E-05,33.3644
2.12E-05,33.6442
2.13E-05,34.5657
2.13E-05,35.8886
2.13E-05,35.9596
2.14E-05,37.6619
2.14E-05,38.7999
2.14E-05,39.6726
2.14E-05,41.1702
2.15E-05,42.2355
2.15E-05,42.805
2.15E-05,44.6053
2.15E-05,45.0438
2.15E-05,46.5945
2.15E-05,48.3143
2.15E-05,48.78
2.16E-05,50.7937
2.16E-05,52.1486
2.16E-05,52.9835
2.16E-05,55.3823
2.16E-05,56.6782
2.16E-05,58.0045
2.17E-05,60.157
2.17E-05,60.8893
2.17E-05,64.0642
2.17E-05,67.5813
2.17E-05,67.6772
2.17E-05,71.4816
2.17E-05,71.6927
2.18E-05,74.8103
2.18E-05,76.1945
2.18E-05,78.4301
2.18E-05,81.2118
2.18E-05,82.3744
2.18E-05,86.6843
2.18E-05,86.8344
2.18E-05,91.4359
2.18E-05,93.2612
2.19E-05,96.6471
2.19E-05,98.6203
2.19E-05,102.405
2.19E-05,104.539
2.19E-05,108.79
2.19E-05,111.922
2.19E-05,114.206
2.19E-05,118.607
2.19E-05,120.103
2.19E-05,125.987
2.19E-05,126.533
2.20E-05,133.575
2.20E-05,134.207
2.20E-05,141.313
2.20E-05,143.407
2.20E-05,149.811
2.20E-05,150.967
2.20E-05,159.202
2.20E-05,159.202
2.20E-05,168.312
2.20E-05,169.639
2.20E-05,178.248
2.20E-05,179.221
2.20E-05,185.505
2.20E-05,189.766
2.20E-05,196.668
2.20E-05,201.364
2.21E-05,208.995
2.21E-05,214.192
2.21E-05,222.665
2.21E-05,228.424
2.21E-05,233.922
2.21E-05,244.309
2.21E-05,246.039
2.21E-05,257.486
2.21E-05,259.377
2.21E-05,271.895
2.21E-05,273.984
2.21E-05,289.953
2.21E-05,291.04
2.21E-05,307.624
2.21E-05,310.036
2.21E-05,320.533
2.21E-05,331.218
2.21E-05,339.968
2.21E-05,354.863
2.21E-05,361.313
2.22E-05,374.5
2.22E-05,385.109
2.22E-05,395.931
2.22E-05,404.652
2.22E-05,419.445
2.22E-05,425.814
2.22E-05,445.267
2.22E-05,448.764
2.22E-05,473.684
2.22E-05,501.1
2.22E-05,505.095
2.22E-05,531.078
2.22E-05,542.854
2.22E-05,561.879
2.22E-05,573.987
2.22E-05,592.07
2.22E-05,607.841
2.22E-05,624.674
2.22E-05,644.658
2.22E-05,659.899
2.22E-05,684.714
2.22E-05,697.967
2.22E-05,728.31
2.22E-05,739.112
2.22E-05,775.76
2.22E-05,783.588
2.22E-05,827.4
2.22E-05,831.653
2.22E-05,883.584
2.22E-05,939.98
2.22E-05,944.766
2.23E-05,1001.19
2.23E-05,1023.51
2.23E-05,1082.26
2.23E-05,1116.78
2.23E-05,1145.81
2.23E-05,1213.17
2.23E-05,1220.01
2.23E-05,1286.43
2.23E-05,1334.18
2.23E-05,1363.43
2.23E-05,1445.26
2.23E-05,1459.84
2.23E-05,1550.47
2.23E-05,1578.44
2.23E-05,1673.33
2.23E-05,1683.38
2.23E-05,1805.75
2.23E-05,1937
2.23E-05,1948.11
2.23E-05,2076.74
2.23E-05,2100.53
2.23E-05,2276.04
2.23E-05,2288.8
2.23E-05,2477.11
2.23E-05,2490.78
2.23E-05,2691.65
2.23E-05,2706.22
2.23E-05,2920.8
2.23E-05,3014.18
2.24E-05,3243.48
2.24E-05,3343.25
2.24E-05,3587.14
2.24E-05,3781.38
2.24E-05,4038.69
2.24E-05,4336.42
2.24E-05,4790.29
2.24E-05,5472.03
2.24E-05,5725.32
2.24E-05,6009.94
2.24E-05,6243.24
2.24E-05,6340.99
2.24E-05,6551.75
2.24E-05,6639.68
2.25E-05,6823.72
2.25E-05,6899.71
2.25E-05,7052.46
2.25E-05,7114.61
2.25E-05,7235.43
2.25E-05,7247.46
2.25E-05,7352.15
2.25E-05,7360.83
2.25E-05,7427.21
2.25E-05,7430.88
2.25E-05,7443.43
2.25E-05,7438.57
2.25E-05,7436.38
2.25E-05,7429.52
2.25E-05,7409.98
2.25E-05,7356.81
2.25E-05,7321.66
2.25E-05,7244.45
2.25E-05,7219.92
2.25E-05,7107.53
2.25E-05,7086.85
2.25E-05,6891.53
2.25E-05,6866.48
2.26E-05,6631.55
2.26E-05,6602.61
2.26E-05,6333.98
2.26E-05,6301.85
2.26E-05,6005.99
2.26E-05,5971.11
2.26E-05,5473.27
2.26E-05,5436.46
2.26E-05,4168.32
2.26E-05,3952.55
2.26E-05,3632.65
2.26E-05,3428.81
2.26E-05,3295.03
2.27E-05,3023.78
2.27E-05,2976.7
2.27E-05,2752.31
2.27E-05,2723.72
2.27E-05,2541.17
2.27E-05,2447.63
2.27E-05,2342.56
2.27E-05,2255.42
2.27E-05,2157.42
2.27E-05,2076.26
2.27E-05,1996.37
2.27E-05,1937.02
2.27E-05,1846.81
2.27E-05,1781.75
2.27E-05,1708.09
2.27E-05,1638.8
2.27E-05,1579.93
2.27E-05,1507.95
2.27E-05,1447.82
2.27E-05,1384.26
2.27E-05,1327.76
2.27E-05,1267.64
2.27E-05,1253.82
2.27E-05,1184.92
2.27E-05,1163.1
2.27E-05,1120.53
2.27E-05,1068.59
2.27E-05,1060.14
2.28E-05,983.565
2.28E-05,981.632
2.28E-05,918.695
2.28E-05,907.479
2.28E-05,861.034
2.28E-05,839.064
2.28E-05,808.19
2.28E-05,777.469
2.28E-05,759.746
2.28E-05,727.89
2.28E-05,715.471
2.28E-05,674.84
2.28E-05,669.404
2.28E-05,637.766
2.28E-05,618.01
2.28E-05,603.621
2.28E-05,572.165
2.28E-05,572.165
2.28E-05,543.497
2.28E-05,531.987
2.28E-05,514.589
2.28E-05,496.026
2.28E-05,486.996
2.28E-05,463.822
2.28E-05,461.769
2.28E-05,438.755
2.29E-05,435.158
2.29E-05,417.653
2.29E-05,409.516
2.29E-05,392.073
2.29E-05,386.22
2.29E-05,369.168
2.29E-05,358.647
2.29E-05,348.453
2.29E-05,334.266
2.29E-05,329.675
2.29E-05,312.664
2.29E-05,310.597
2.29E-05,293.451
2.29E-05,291.597
2.29E-05,276.222
2.29E-05,274.557
2.29E-05,260.702
2.29E-05,259.209
2.30E-05,245.357
2.30E-05,240.191
2.30E-05,232.72
2.30E-05,222.252
2.30E-05,221.128
2.30E-05,210.6
2.30E-05,206.66
2.30E-05,199.515
2.30E-05,192.875
2.30E-05,188.156
2.30E-05,180.594
2.30E-05,177.89
2.31E-05,169.622
2.31E-05,168.574
2.31E-05,160.099
2.31E-05,159.793
2.31E-05,152.424
2.31E-05,146.892
2.31E-05,145.296
2.31E-05,138.8
2.31E-05,135.747
2.31E-05,132.127
2.32E-05,126.627
2.32E-05,125.399
2.32E-05,119.286
2.32E-05,118.569
2.32E-05,113.72
2.32E-05,111.442
2.32E-05,108.625
2.32E-05,103.916
2.32E-05,102.11
2.33E-05,99.5884
2.33E-05,95.5779
2.33E-05,94.1581
2.33E-05,91.4388
2.33E-05,87.2913
2.33E-05,87.1893
2.33E-05,83.3688
2.34E-05,80.6748
2.34E-05,79.8158
2.34E-05,76.5822
2.34E-05,74.6738
2.34E-05,73.5781
2.34E-05,70.8169
2.35E-05,69.5084
2.35E-05,68.2541
2.35E-05,65.5861
2.35E-05,65.0273
2.35E-05,62.8824
2.35E-05,61.1169
2.36E-05,60.3929
2.36E-05,58.1204
2.36E-05,56.617
2.36E-05,56.0035
2.36E-05,54.0697
2.37E-05,52.7857
2.37E-05,52.2606
2.37E-05,49.7998
2.37E-05,49.4926
2.38E-05,48.0257
2.38E-05,46.64
2.38E-05,46.3754
2.38E-05,44.8741
2.39E-05,43.7147
2.39E-05,43.463
2.39E-05,42.1789
2.39E-05,40.8393
2.40E-05,40.3907
2.40E-05,38.7901
2.40E-05,38.3846
2.41E-05,37.6648
2.41E-05,36.6145
2.41E-05,36.2854
2.42E-05,35.1978
2.42E-05,33.8949
2.42E-05,33.6212
2.43E-05,32.7378
2.44E-05,31.6692
2.44E-05,31.4318
2.44E-05,30.6981
2.45E-05,29.7965
2.45E-05,29.6119
2.45E-05,28.9892
2.46E-05,28.2365
2.47E-05,27.5935
2.47E-05,27.5261
2.47E-05,26.8897
2.48E-05,26.0832
2.48E-05,25.9599
2.49E-05,25.3685
2.50E-05,24.7022
2.50E-05,24.5923
2.51E-05,24.1074
2.52E-05,23.5473
2.53E-05,23.0139
2.53E-05,22.9283
2.54E-05,22.5424
2.54E-05,22.0964
2.55E-05,21.6663
2.55E-05,21.5999
2.57E-05,21.098
2.58E-05,20.565
2.58E-05,20.5072
2.59E-05,20.0898
2.61E-05,19.6432
2.61E-05,19.5939
2.62E-05,19.2437
2.63E-05,18.8652
2.65E-05,18.582
2.65E-05,18.5105
2.66E-05,18.1925
2.68E-05,17.8882
2.70E-05,17.4994
2.70E-05,17.3765
2.71E-05,17.1507
2.73E-05,16.8285
2.75E-05,16.5213
2.76E-05,16.4233
2.77E-05,16.2712
2.78E-05,16.1676
2.80E-05,15.9134
2.82E-05,15.6763
2.84E-05,15.4541
2.86E-05,15.2511
2.87E-05,15.1108
2.89E-05,14.9836
2.90E-05,14.8703
2.92E-05,14.7723
2.93E-05,14.6928
2.94E-05,14.6696
2.95E-05,14.6248
2.96E-05,14.5752
2.98E-05,14.5541
2.99E-05,14.5589
3.00E-05,14.5812
3.00E-05,14.5852
3.01E-05,14.6114
3.02E-05,14.6625
3.03E-05,14.7398
3.04E-05,14.8462
3.05E-05,14.9863
3.06E-05,15.1172
3.06E-05,15.1896
3.07E-05,15.2735
3.08E-05,15.4584
3.09E-05,15.6762
3.09E-05,15.9315
3.10E-05,16.2298
3.11E-05,16.5792
3.12E-05,16.8618
3.12E-05,16.9951
3.13E-05,17.4898
3.13E-05,17.8633
3.14E-05,18.2767
3.14E-05,18.2894
3.14E-05,18.7478
3.15E-05,19.2693
3.15E-05,19.2843
3.15E-05,19.8039
3.16E-05,20.6013
3.16E-05,20.8548
3.16E-05,21.2038
3.17E-05,21.8686
3.17E-05,22.5066
3.17E-05,22.5942
3.17E-05,22.6504
3.18E-05,23.4126
3.18E-05,24.3068
3.18E-05,24.3486
3.19E-05,25.3147
3.19E-05,26.0264
3.19E-05,26.6694
3.20E-05,27.6751
3.20E-05,28.0004
3.20E-05,28.7823
3.20E-05,29.7462
3.20E-05,29.9942
3.21E-05,31.3326
3.21E-05,31.7671
3.21E-05,32.812
3.21E-05,34.1054
3.21E-05,34.4376
3.22E-05,35.8731
3.22E-05,36.0568
3.22E-05,37.8608
3.22E-05,38.4772
3.22E-05,40.0421
3.22E-05,40.2715
3.23E-05,42.2385
3.23E-05,42.5027
3.23E-05,44.401
3.23E-05,45.2764
3.23E-05,46.7748
3.23E-05,48.1309
3.23E-05,49.3902
3.24E-05,51.0353
3.24E-05,52.2834
3.24E-05,54.2845
3.24E-05,56.1694
3.24E-05,56.9244
3.24E-05,59.0558
3.24E-05,59.8312
3.24E-05,62.2086
3.25E-05,63.004
3.25E-05,65.6612
3.25E-05,66.4754
3.25E-05,69.4521
3.25E-05,70.2836
3.25E-05,73.6262
3.25E-05,74.473
3.25E-05,78.2365
3.25E-05,79.0908
3.26E-05,82.5847
3.26E-05,86.6027
3.26E-05,88.655
3.26E-05,90.8926
3.26E-05,95.4649
3.26E-05,100.501
3.26E-05,105.982
3.27E-05,111.963
3.27E-05,118.508
3.27E-05,125.201
3.27E-05,131.99
3.27E-05,139.391
3.27E-05,147.482
3.27E-05,156.356
3.28E-05,166.122
3.28E-05,174.184
3.28E-05,176.934
3.28E-05,182.849
3.28E-05,188.907
3.28E-05,192.169
3.28E-05,200.844
3.28E-05,201.528
3.28E-05,212.566
3.28E-05,214.838
3.28E-05,225.435
3.28E-05,229.636
3.28E-05,239.612
3.28E-05,246.135
3.28E-05,251.184
3.28E-05,263.591
3.28E-05,264.652
3.29E-05,277.188
3.29E-05,280.113
3.29E-05,291.96
3.29E-05,297.084
3.29E-05,308.031
3.29E-05,315.767
3.29E-05,325.553
3.29E-05,336.392
3.29E-05,344.596
3.29E-05,351.352
3.29E-05,365.71
3.29E-05,376.806
3.29E-05,388.769
3.29E-05,405.211
3.29E-05,414.092
3.29E-05,436.985
3.29E-05,441.889
3.29E-05,463.303
3.29E-05,464.641
3.29E-05,489.285
3.29E-05,492.093
3.29E-05,515.922
3.29E-05,523.557
3.30E-05,544.63
3.30E-05,557.965
3.30E-05,582.748
3.30E-05,595.527
3.30E-05,624.607
3.30E-05,636.606
3.30E-05,670.731
3.30E-05,688.331
3.30E-05,721.121
3.30E-05,735.617
3.30E-05,776.52
3.30E-05,787.026
3.30E-05,821.752
3.30E-05,843.071
3.30E-05,870.122
3.30E-05,903.808
3.30E-05,969.998
3.30E-05,976.99
3.30E-05,1035.79
3.30E-05,1041.65
3.30E-05,1098.85
3.30E-05,1119.39
3.30E-05,1165.83
3.30E-05,1192.94
3.30E-05,1237.53
3.30E-05,1295.81
3.30E-05,1313.15
3.30E-05,1393.76
3.30E-05,1407.88
3.31E-05,1523.85
3.31E-05,1529.31
3.31E-05,1630.48
3.31E-05,1661.06
3.31E-05,1757.44
3.31E-05,1802.96
3.31E-05,1893.19
3.31E-05,1963.71
3.31E-05,2037.61
3.31E-05,2136.53
3.31E-05,2233.79
3.31E-05,2320.9
3.31E-05,2425.22
3.31E-05,2584.93
3.31E-05,2626.81
3.31E-05,2869.27
3.31E-05,2913.64
3.31E-05,3095
3.31E-05,3219.63
3.31E-05,3410.04
3.31E-05,3541.2
3.32E-05,3908.14
3.32E-05,4044.33
3.32E-05,5112.4
3.32E-05,5245.16
3.32E-05,5603.74
3.32E-05,5727.53
3.32E-05,5908.31
3.32E-05,6021.61
3.32E-05,6186.14
3.32E-05,6287.03
3.32E-05,6431.74
3.33E-05,6518.25
3.33E-05,6630.12
3.33E-05,6709.77
3.33E-05,6782.75
3.33E-05,6862.89
3.33E-05,6903.84
3.33E-05,6963.43
3.33E-05,6984.3
3.33E-05,7004.05
3.33E-05,7012
3.33E-05,7008.11
3.33E-05,7003.34
3.33E-05,6966.01
3.33E-05,6945.54
3.33E-05,6890.91
3.33E-05,6850.74
3.33E-05,6751.92
3.33E-05,6736.23
3.33E-05,6571.79
3.34E-05,6552.12
3.34E-05,6351.88
3.34E-05,6328.41
3.34E-05,6097.06
3.34E-05,6070.32
3.34E-05,5813.08
3.34E-05,5783.5
3.34E-05,5345.56
3.34E-05,5313.42
3.34E-05,4677.47
3.34E-05,3969.76
3.35E-05,3838.65
3.35E-05,3483.07
3.35E-05,3358.93
3.35E-05,3099.73
3.35E-05,3055.93
3.35E-05,2812.34
3.35E-05,2771.27
3.35E-05,2543.65
3.35E-05,2505.25
3.35E-05,2355.47
3.35E-05,2260.01
3.35E-05,2155.4
3.35E-05,2061.14
3.35E-05,2001.63
3.35E-05,1903.37
3.35E-05,1857.93
3.35E-05,1756.81
3.35E-05,1723.94
3.35E-05,1620.86
3.35E-05,1614.3
3.36E-05,1500.22
3.36E-05,1484.05
3.36E-05,1392.68
3.36E-05,1364.88
3.36E-05,1293.42
3.36E-05,1256.12
3.36E-05,1202
3.36E-05,1157.14
3.36E-05,1117.97
3.36E-05,1067.25
3.36E-05,1040.72
3.36E-05,998.865
3.36E-05,970.225
3.36E-05,935.935
3.36E-05,905.74
3.36E-05,878.039
3.36E-05,852.361
3.36E-05,825.012
3.36E-05,787.413
3.36E-05,776.088
3.36E-05,731.152
3.36E-05,729.127
3.36E-05,690.153
3.36E-05,677.246
3.37E-05,652.39
3.37E-05,630.551
3.37E-05,617.601
3.37E-05,588.497
3.37E-05,585.542
3.37E-05,554.819
3.37E-05,550.864
3.37E-05,524.192
3.37E-05,517.01
3.37E-05,496.237
3.37E-05,486.439
3.37E-05,470.679
3.37E-05,458.772
3.37E-05,447.33
3.37E-05,425.702
3.37E-05,425.702
3.37E-05,401.343
3.37E-05,399.774
3.37E-05,379.326
3.37E-05,376.517
3.38E-05,355.536
3.38E-05,353.075
3.38E-05,336.615
3.38E-05,329.968
3.38E-05,320.419
3.38E-05,309.382
3.38E-05,305.528
3.38E-05,291.049
3.38E-05,287.566
3.38E-05,274.559
3.38E-05,271.425
3.38E-05,259.683
3.38E-05,256.856
3.38E-05,244.244
3.38E-05,243.607
3.39E-05,231.606
3.39E-05,228.768
3.39E-05,220.617
3.39E-05,214.973
3.39E-05,209.065
3.39E-05,202.593
3.39E-05,197.259
3.39E-05,191.421
3.39E-05,186.644
3.39E-05,176.913
3.39E-05,176.559
3.40E-05,168.194
3.40E-05,163.763
3.40E-05,160.141
3.40E-05,154.136
3.40E-05,152.769
3.40E-05,146.025
3.40E-05,143.809
3.40E-05,139.119
3.40E-05,134.684
3.41E-05,132.143
3.41E-05,126.543
3.41E-05,125.777
3.41E-05,119.979
3.41E-05,119.291
3.41E-05,114.679
3.41E-05,112.798
3.41E-05,109.821
3.42E-05,105.285
3.42E-05,104.202
3.42E-05,101.113
3.42E-05,99.1508
3.42E-05,96.7996
3.42E-05,93.4523
3.42E-05,92.3857
3.43E-05,88.3417
3.43E-05,84.7015
3.43E-05,81.6682
3.43E-05,81.2608
3.44E-05,78.1563
3.44E-05,75.9312
3.44E-05,75.2322
3.44E-05,72.5595
3.44E-05,70.9623
3.44E-05,69.7555
3.45E-05,66.884
3.45E-05,66.6104
3.45E-05,64.2822
3.45E-05,62.8019
3.46E-05,61.8656
3.46E-05,59.6312
3.46E-05,59.4172
3.46E-05,57.603
3.47E-05,55.672
3.47E-05,55.4865
3.47E-05,53.9233
3.47E-05,52.0915
3.47E-05,52.0915
3.48E-05,50.2912
3.48E-05,49.3292
3.48E-05,48.6169
3.49E-05,47.0726
3.49E-05,45.9841
3.49E-05,45.6177
3.49E-05,44.2939
3.50E-05,43.1447
3.50E-05,42.4494
3.50E-05,41.3249
3.51E-05,40.6923
3.51E-05,39.9292
3.51E-05,39.2434
3.52E-05,38.6656
3.52E-05,37.4968
3.53E-05,36.7085
3.53E-05,36.4013
3.53E-05,35.409
3.54E-05,34.5407
3.54E-05,34.4606
3.54E-05,33.6097
3.55E-05,32.789
3.55E-05,32.6972
3.56E-05,31.9658
3.56E-05,31.179
3.56E-05,31.1101
3.57E-05,30.4768
3.58E-05,29.4763
3.58E-05,29.1046
3.59E-05,28.5774
3.60E-05,27.7535
3.60E-05,27.4347
3.61E-05,26.9998
3.62E-05,26.3023
3.62E-05,26.0413
3.63E-05,25.6666
3.63E-05,25.0763
3.64E-05,24.8516
3.64E-05,24.5378
3.65E-05,24.0354
3.66E-05,23.5448
3.66E-05,23.5161
3.68E-05,22.9739
3.69E-05,22.4286
3.69E-05,22.4046
3.70E-05,21.9502
3.72E-05,21.4846
3.72E-05,21.4641
3.73E-05,21.0804
3.74E-05,20.6917
3.75E-05,20.3146
3.76E-05,20.2952
3.77E-05,19.9852
3.78E-05,19.6674
3.79E-05,19.3578
3.79E-05,19.344
3.81E-05,19.0877
3.83E-05,18.6916
3.83E-05,18.554
3.85E-05,18.3371
3.87E-05,18.0082
3.89E-05,17.686
3.89E-05,17.6779
3.91E-05,17.4102
3.93E-05,17.14
3.94E-05,16.9565
3.95E-05,16.8841
3.97E-05,16.6542
3.99E-05,16.4262
4.00E-05,16.346
4.01E-05,16.2206
4.04E-05,15.9643
4.07E-05,15.7122
4.08E-05,15.5823
4.10E-05,15.4795
4.13E-05,15.2673
4.16E-05,15.0577
4.17E-05,14.95
4.19E-05,14.8638
4.21E-05,14.6863
4.24E-05,14.5104
4.29E-05,14.2488
4.29E-05,14.2455
4.33E-05,14.024
4.38E-05,13.8017
4.41E-05,13.6511
4.43E-05,13.5888
4.47E-05,13.3961
4.52E-05,13.2044
4.57E-05,13.0135
4.57E-05,13.0102
4.63E-05,12.7891
4.70E-05,12.5653
4.76E-05,12.3415
4.76E-05,12.3385
4.83E-05,12.1417
4.90E-05,11.9419
4.97E-05,11.7418
5.04E-05,11.5413
5.07E-05,11.4388
5.11E-05,11.3436
5.15E-05,11.2245
5.23E-05,11.0298
5.28E-05,10.8835
5.34E-05,10.7374
5.39E-05,10.5918
5.45E-05,10.4468
5.51E-05,10.3021
5.52E-05,10.2739
5.57E-05,10.1453
5.63E-05,9.98681
5.66E-05,9.88229
5.70E-05,9.77897
5.72E-05,9.74853
5.74E-05,9.66748
5.79E-05,9.55369
5.83E-05,9.4422
5.84E-05,9.4101
5.87E-05,9.3219
5.90E-05,9.23018
5.93E-05,9.14138
5.96E-05,9.05431
5.96E-05,9.04887
5.99E-05,8.95757
6.02E-05,8.86395
6.05E-05,8.79866
6.05E-05,8.77062
6.08E-05,8.70427
6.10E-05,8.64106
6.12E-05,8.58056
6.13E-05,8.54683
6.14E-05,8.51901
6.16E-05,8.45442
6.18E-05,8.39516
6.21E-05,8.3413
6.22E-05,8.3134
6.23E-05,8.29025
6.25E-05,8.24104
6.26E-05,8.21678
6.26E-05,8.20886
6.28E-05,8.17639
6.30E-05,8.151
6.31E-05,8.13384
6.33E-05,8.12595
6.35E-05,8.12871
6.35E-05,8.13066
6.36E-05,8.14129
6.38E-05,8.16765
6.40E-05,8.21049
6.41E-05,8.24955
6.42E-05,8.29817
6.43E-05,8.35748
6.43E-05,8.363
6.44E-05,8.43654
6.45E-05,8.52045
6.46E-05,8.65324
6.47E-05,8.76614
6.48E-05,8.89206
6.49E-05,8.96231
6.49E-05,9.0396
6.50E-05,9.21051
6.51E-05,9.39976
6.52E-05,9.62944
6.53E-05,9.88536
6.53E-05,9.94588
6.53E-05,10.1929
6.54E-05,10.2853
6.54E-05,10.4716
6.55E-05,10.767
6.55E-05,10.7797
6.56E-05,11.1349
6.56E-05,11.3562
6.56E-05,11.5287
6.57E-05,11.8162
6.57E-05,11.9767
6.58E-05,12.3403
6.58E-05,12.4213
6.58E-05,12.9458
6.59E-05,13.0842
6.59E-05,13.5305
6.59E-05,13.5831
6.60E-05,14.1404
6.60E-05,14.3774
6.60E-05,14.7524
6.60E-05,15.0182
6.61E-05,15.4353
6.61E-05,15.731
6.61E-05,16.1958
6.62E-05,16.5256
6.62E-05,17.0449
6.62E-05,17.4161
6.63E-05,18.1966
6.63E-05,18.4046
6.63E-05,19.062
6.63E-05,19.5236
6.63E-05,20.0083
6.64E-05,20.519
6.64E-05,21.0533
6.64E-05,21.6167
6.64E-05,22.207
6.65E-05,22.83
6.65E-05,23.4838
6.65E-05,24.1745
6.65E-05,24.9005
6.65E-05,25.6659
6.66E-05,26.3065
6.66E-05,26.8947
6.66E-05,27.6816
6.66E-05,28.2312
6.66E-05,29.1853
6.66E-05,29.6856
6.67E-05,30.8331
6.67E-05,31.2712
6.67E-05,32.6389
6.67E-05,32.7587
6.67E-05,34.3761
6.67E-05,34.6352
6.68E-05,36.1325
6.68E-05,36.8418
6.68E-05,38.0359
6.68E-05,39.2814
6.68E-05,40.1055
6.68E-05,42.3416
6.68E-05,42.4317
6.69E-05,44.8131
6.69E-05,45.462
6.69E-05,47.5162
6.69E-05,48.8348
6.69E-05,49.7646
6.69E-05,52.177
6.70E-05,52.6162
6.70E-05,54.8078
6.70E-05,56.881
6.70E-05,57.6145
6.70E-05,60.6682
6.70E-05,61.6244
6.70E-05,63.991
6.71E-05,66.8152
6.71E-05,67.5579
6.71E-05,70.6627
6.71E-05,71.4722
6.71E-05,74.853
6.71E-05,75.2942
6.71E-05,79.4365
6.71E-05,83.9593
6.71E-05,84.4858
6.72E-05,88.8878
6.72E-05,90.0424
6.72E-05,94.2728
6.72E-05,96.1779
6.72E-05,100.163
6.72E-05,102.261
6.72E-05,106.646
6.72E-05,108.959
6.72E-05,113.8
6.72E-05,116.343
6.73E-05,119.898
6.73E-05,124.543
6.73E-05,126.496
6.73E-05,133.649
6.73E-05,141.546
6.73E-05,143.919
6.73E-05,150.171
6.73E-05,155.437
6.73E-05,159.582
6.73E-05,165.045
6.73E-05,169.971
6.74E-05,173.976
6.74E-05,181.489
6.74E-05,185.892
6.74E-05,192.35
6.74E-05,199.144
6.74E-05,204.238
6.74E-05,213.894
6.74E-05,217.278
6.74E-05,230.362
6.74E-05,231.614
6.74E-05,247.48
6.74E-05,248.881
6.74E-05,264.25
6.74E-05,265.012
6.75E-05,279.422
6.75E-05,281.097
6.75E-05,295.028
6.75E-05,299.606
6.75E-05,315.739
6.75E-05,336.476
6.75E-05,359.159
6.75E-05,383.986
6.75E-05,411.167
6.75E-05,440.93
6.75E-05,473.517
6.76E-05,509.183
6.76E-05,544.135
6.76E-05,577.9
6.76E-05,595.484
6.76E-05,613.874
6.76E-05,652.143
6.76E-05,693.737
6.76E-05,715.367
6.76E-05,737.938
6.76E-05,784.833
6.76E-05,835.581
6.76E-05,861.963
6.76E-05,894.773
6.76E-05,928.967
6.76E-05,964.23
6.76E-05,1001
6.77E-05,1038.87
6.77E-05,1078.3
6.77E-05,1118.87
6.77E-05,1160.98
6.77E-05,1197.15
6.77E-05,1272.45
6.77E-05,1311.33
6.77E-05,1392.53
6.77E-05,1434.34
6.77E-05,1521.43
6.77E-05,1566.17
6.77E-05,1659.04
6.77E-05,1706.79
6.77E-05,1854.97
6.78E-05,2065.15
6.78E-05,2287.93
6.78E-05,2344.78
6.78E-05,2637.35
6.78E-05,2755.96
6.78E-05,3232.25
6.79E-05,3348.66
6.79E-05,3573.58
6.79E-05,3682.15
6.79E-05,3785.19
6.79E-05,3883.89
6.79E-05,3976.46
6.79E-05,4063.68
6.79E-05,4143.42
6.79E-05,4216.89
6.79E-05,4281.67
6.80E-05,4339.44
6.80E-05,4388.78
6.80E-05,4410.15
6.80E-05,4445.17
6.80E-05,4459.72
6.80E-05,4480.66
6.80E-05,4489.24
6.80E-05,4493.32
6.80E-05,4494.53
6.80E-05,4489.79
6.80E-05,4473.95
6.80E-05,4464.74
6.80E-05,4432.55
6.80E-05,4410.26
6.81E-05,4371.98
6.81E-05,4356.97
6.81E-05,4290.25
6.81E-05,4239.3
6.81E-05,4155.34
6.81E-05,4092.76
6.81E-05,3992.43
6.81E-05,3919.93
6.81E-05,3805.94
6.81E-05,3725.45
6.81E-05,3599.99
6.82E-05,3402.9
6.82E-05,3268.29
6.82E-05,2600.08
6.82E-05,2464.11
6.82E-05,2320.17
6.82E-05,2244.35
6.83E-05,2107.7
6.83E-05,1984.72
6.83E-05,1905.88
6.83E-05,1790.7
6.83E-05,1763.08
6.83E-05,1628.5
6.83E-05,1611.03
6.83E-05,1502.23
6.83E-05,1485.97
6.83E-05,1384.45
6.83E-05,1369.31
6.83E-05,1275.05
6.83E-05,1261
6.83E-05,1193.39
6.83E-05,1180.38
6.84E-05,1098.59
6.84E-05,1092.59
6.84E-05,1011.55
6.84E-05,937.235
6.84E-05,932.09
6.84E-05,885.761
6.84E-05,859.672
6.84E-05,837.092
6.84E-05,806.367
6.84E-05,791.67
6.84E-05,756.999
6.84E-05,749.199
6.84E-05,711.333
6.84E-05,709.524
6.84E-05,672.647
6.84E-05,669.235
6.85E-05,638.545
6.85E-05,618.276
6.85E-05,593.749
6.85E-05,572.286
6.85E-05,557.746
6.85E-05,531.009
6.85E-05,524.729
6.85E-05,494.49
6.85E-05,493.934
6.85E-05,467.081
6.85E-05,460.791
6.85E-05,441.924
6.85E-05,429.408
6.85E-05,418.745
6.85E-05,401.254
6.85E-05,397.391
6.86E-05,377.818
6.86E-05,376.015
6.86E-05,359.942
6.86E-05,353.427
6.86E-05,338.12
6.86E-05,332.971
6.86E-05,321.199
6.86E-05,314.516
6.86E-05,305.61
6.86E-05,303.152
6.86E-05,291.539
6.86E-05,282.556
6.86E-05,278.38
6.87E-05,264.316
6.87E-05,262.441
6.87E-05,248.071
6.87E-05,235.206
6.87E-05,232.107
6.87E-05,223.456
6.87E-05,217.894
6.87E-05,212.697
6.87E-05,205.202
6.87E-05,200.518
6.88E-05,193.778
6.88E-05,189.555
6.88E-05,183.466
6.88E-05,179.64
6.88E-05,174.114
6.88E-05,170.68
6.88E-05,162.402
6.88E-05,161.601
6.89E-05,154.912
6.89E-05,152.753
6.89E-05,148.044
6.89E-05,143.482
6.89E-05,141.657
6.89E-05,135.197
6.89E-05,134.097
6.90E-05,127.746
6.90E-05,127.249
6.90E-05,121.021
6.90E-05,115.361
6.90E-05,114.94
6.90E-05,110.24
6.91E-05,106.825
6.91E-05,105.41
6.91E-05,101.982
6.91E-05,101.018
6.91E-05,96.9676
6.91E-05,95.6081
6.92E-05,92.3884
6.92E-05,89.9517
6.92E-05,88.1884
6.92E-05,84.897
6.92E-05,84.3279
6.93E-05,80.7998
6.93E-05,80.3715
6.93E-05,77.5683
6.93E-05,76.3033
6.93E-05,74.5953
6.94E-05,71.7989
6.94E-05,70.905
6.94E-05,69.2346
6.95E-05,66.2169
6.95E-05,63.5138
6.95E-05,62.8576
6.95E-05,61.0186
6.96E-05,59.8272
6.96E-05,58.7278
6.96E-05,56.5904
6.97E-05,55.8095
6.97E-05,54.6236
6.97E-05,52.7753
6.97E-05,52.3242
6.98E-05,51.0859
6.98E-05,49.2782
6.98E-05,49.0934
6.99E-05,47.2996
6.99E-05,46.6013
6.99E-05,45.6349
7.00E-05,44.2239
7.00E-05,44.0786
7.00E-05,42.6638
7.01E-05,42.1115
7.01E-05,41.3508
7.02E-05,40.1137
7.02E-05,39.6298
7.02E-05,38.9689
7.03E-05,37.6796
7.03E-05,37.47
7.03E-05,36.5109
7.04E-05,35.622
7.04E-05,35.4063
7.05E-05,34.3957
7.05E-05,34.025
7.05E-05,33.4631
7.06E-05,32.1513
7.07E-05,31.939
7.07E-05,30.9879
7.08E-05,30.1556
7.08E-05,30.0164
7.09E-05,29.1484
7.10E-05,28.6187
7.10E-05,28.3302
7.11E-05,27.579
7.11E-05,27.2804
7.12E-05,26.883
7.13E-05,26.2282
7.13E-05,26.0677
7.14E-05,25.6346
7.15E-05,25.0687
7.15E-05,24.653
7.16E-05,24.4059
7.17E-05,23.8026
7.17E-05,23.4481
7.18E-05,23.236
7.19E-05,22.717
7.20E-05,22.4115
7.20E-05,22.2282
7.21E-05,21.7789
7.22E-05,21.4484
7.22E-05,21.3488
7.23E-05,20.9591
7.25E-05,20.5584
7.25E-05,20.5217
7.26E-05,20.1314
7.27E-05,19.7863
7.27E-05,19.7524
7.29E-05,19.2536
7.31E-05,18.8023
7.31E-05,18.7709
7.33E-05,18.3545
7.35E-05,17.9685
7.35E-05,17.946
7.37E-05,17.5893
7.39E-05,17.2633
7.39E-05,17.2422
7.41E-05,16.9422
7.43E-05,16.6474
7.44E-05,16.4712
7.45E-05,16.3712
7.47E-05,16.1205
7.49E-05,15.8734
7.49E-05,15.8089
7.50E-05,15.652
7.53E-05,15.372
7.54E-05,15.2466
7.56E-05,15.1157
7.58E-05,14.8791
7.61E-05,14.646
7.62E-05,14.5437
7.64E-05,14.4354
7.66E-05,14.2416
7.69E-05,14.0489
7.70E-05,13.9635
7.72E-05,13.8726
7.75E-05,13.7099
7.78E-05,13.4744
7.79E-05,13.4677
7.83E-05,13.2605
7.87E-05,13.0562
7.89E-05,12.9263
7.91E-05,12.862
7.95E-05,12.6882
7.99E-05,12.5153
8.01E-05,12.4633
8.04E-05,12.3601
8.08E-05,12.2139
8.12E-05,12.0677
8.18E-05,11.8789
8.18E-05,11.8743
8.23E-05,11.7085
8.29E-05,11.5431
8.35E-05,11.3821
8.35E-05,11.3785
8.41E-05,11.2332
8.47E-05,11.088
8.53E-05,10.9429
8.59E-05,10.8011
8.59E-05,10.7979
8.65E-05,10.6665
8.71E-05,10.5349
8.80E-05,10.3377
8.85E-05,10.2409
8.91E-05,10.1086
8.97E-05,9.97692
9.03E-05,9.84427
9.13E-05,9.64599
9.19E-05,9.51376
9.26E-05,9.38167
9.27E-05,9.35026
9.32E-05,9.24126
9.39E-05,9.09864
9.46E-05,8.95649
9.47E-05,8.92234
9.52E-05,8.8017
9.57E-05,8.68287
9.62E-05,8.56532
9.67E-05,8.44946
9.67E-05,8.44729
9.72E-05,8.31398
9.78E-05,8.18203
9.81E-05,8.09688
9.83E-05,8.04515
9.88E-05,7.89981
9.91E-05,7.80996
9.91E-05,7.80611
9.95E-05,7.70399
9.98E-05,7.60355
1.00E-04,7.50491
1.00E-04,7.49358
1.00E-04,7.39049
1.01E-04,7.27316
1.01E-04,7.15909
1.01E-04,7.14457
1.02E-04,7.03323
1.02E-04,6.93949
1.02E-04,6.89251
1.02E-04,6.84131
1.02E-04,6.73965
1.03E-04,6.64177
1.03E-04,6.62536
1.03E-04,6.53536
1.03E-04,6.43125
1.03E-04,6.34708
1.03E-04,6.32926
1.04E-04,6.25624
1.04E-04,6.18675
1.04E-04,6.13891
1.04E-04,6.11862
1.04E-04,6.04788
1.04E-04,5.98219
1.04E-04,5.94222
1.04E-04,5.91895
1.05E-04,5.86356
1.05E-04,5.80112
1.05E-04,5.77232
1.05E-04,5.74539
1.05E-04,5.71169
1.05E-04,5.68428
1.05E-04,5.66394
1.06E-04,5.65159
1.06E-04,5.6482
1.06E-04,5.65297
1.06E-04,5.6663
1.06E-04,5.68927
1.06E-04,5.72128
1.06E-04,5.72361
1.06E-04,5.7779
1.06E-04,5.84632
1.07E-04,5.94073
1.07E-04,6.0012
1.07E-04,6.04114
1.07E-04,6.14344
1.07E-04,6.22275
1.07E-04,6.26152
1.07E-04,6.40123
1.07E-04,6.41912
1.07E-04,6.56725
1.07E-04,6.66672
1.07E-04,6.75782
1.07E-04,6.85065
1.07E-04,6.98176
1.07E-04,7.07362
1.07E-04,7.24422
1.07E-04,7.41306
1.07E-04,7.50916
1.07E-04,7.67712
1.07E-04,7.77261
1.07E-04,7.97682
1.07E-04,8.06939
1.07E-04,8.31664
1.07E-04,8.40398
1.08E-04,8.70236
1.08E-04,8.78155
1.08E-04,9.14074
1.08E-04,9.20762
1.08E-04,9.51097
1.08E-04,9.69106
1.08E-04,9.85028
1.08E-04,10.2385
1.08E-04,10.2974
1.08E-04,10.762
1.08E-04,10.795
1.08E-04,11.3505
1.08E-04,11.497
1.08E-04,11.9682
1.08E-04,12.3386
1.08E-04,12.4713
1.08E-04,13.0239
1.08E-04,13.3124
1.08E-04,13.6185
1.08E-04,14.0447
1.08E-04,14.2685
1.08E-04,14.8544
1.08E-04,15.0407
1.08E-04,15.6891
1.08E-04,16.0804
1.08E-04,16.3809
1.08E-04,17.1253
1.08E-04,17.1408
1.08E-04,17.9413
1.08E-04,18.3333
1.08E-04,18.8184
1.08E-04,19.6623
1.08E-04,19.7613
1.08E-04,20.7951
1.08E-04,21.1623
1.08E-04,21.8009
1.08E-04,22.7495
1.08E-04,22.8482
1.08E-04,23.7838
1.08E-04,24.5944
1.08E-04,24.8793
1.08E-04,26.0641
1.08E-04,26.5581
1.08E-04,27.3396
1.09E-04,28.6972
1.09E-04,28.7681
1.09E-04,30.1904
1.09E-04,31.2845
1.09E-04,31.6982
1.09E-04,33.2496
1.09E-04,34.1486
1.09E-04,34.9096
1.09E-04,36.6957
1.09E-04,37.2145
1.09E-04,38.6397
1.09E-04,40.5894
1.09E-04,40.7097
1.09E-04,42.9756
1.09E-04,43.1078
1.09E-04,45.4415
1.09E-04,45.8739
1.09E-04,47.972
1.09E-04,48.9149
1.09E-04,50.5508
1.09E-04,52.2656
1.09E-04,53.3386
1.09E-04,55.966
1.09E-04,56.3576
1.09E-04,59.6503
1.09E-04,59.8673
1.09E-04,63.2556
1.09E-04,63.9715
1.09E-04,67.2018
1.09E-04,68.5167
1.09E-04,71.5342
1.09E-04,73.5666
1.09E-04,75.9939
1.09E-04,79.1983
1.09E-04,80.541
1.09E-04,85.5019
1.09E-04,91.0079
1.09E-04,92.6779
1.09E-04,97.0323
1.09E-04,98.64
1.09E-04,101.978
1.09E-04,105.227
1.09E-04,107.311
1.09E-04,113.048
1.09E-04,113.336
1.09E-04,119.336
1.09E-04,122.508
1.09E-04,127.487
1.09E-04,132.761
1.09E-04,135.325
1.09E-04,141.323
1.09E-04,143.929
1.09E-04,150.716
1.09E-04,153.354
1.09E-04,161.037
1.09E-04,163.693
1.09E-04,172.393
1.09E-04,175.049
1.09E-04,184.902
1.09E-04,187.532
1.09E-04,198.694
1.09E-04,201.275
1.09E-04,215.634
1.09E-04,230.646
1.09E-04,247.038
1.09E-04,264.937
1.09E-04,284.473
1.09E-04,305.788
1.09E-04,329.025
1.09E-04,354.339
1.09E-04,379.306
1.09E-04,403.634
1.09E-04,416.333
1.09E-04,429.503
1.09E-04,456.966
1.09E-04,486.62
1.09E-04,502.064
1.09E-04,518.045
1.09E-04,551.296
1.09E-04,587.009
1.09E-04,605.607
1.09E-04,629.884
1.09E-04,655.253
1.09E-04,681.275
1.09E-04,708.483
1.09E-04,736.36
1.09E-04,765.451
1.09E-04,795.348
1.09E-04,850.724
1.09E-04,875.459
1.09E-04,927.249
1.09E-04,953.733
1.09E-04,1008.89
1.09E-04,1037.13
1.09E-04,1125.05
1.09E-04,1249.82
1.10E-04,1382.27
1.10E-04,1416.55
1.10E-04,1556.19
1.10E-04,1628.2
1.10E-04,1846.16
1.10E-04,2064.59
1.10E-04,2207.7
1.10E-04,2276.2
1.10E-04,2409.61
1.10E-04,2531.61
1.10E-04,2640.75
1.10E-04,2734.59
1.10E-04,2810.97
1.10E-04,2859.56
1.10E-04,2892.57
1.10E-04,2913.64
1.10E-04,2917.05
1.10E-04,2919.3
1.10E-04,2918.6
1.10E-04,2916.32
1.10E-04,2901.16
1.10E-04,2894.79
1.10E-04,2867.32
1.10E-04,2853.47
1.10E-04,2823.7
1.10E-04,2803.56
1.10E-04,2759.7
1.10E-04,2726.18
1.10E-04,2672.41
1.10E-04,2632.57
1.10E-04,2569.84
1.10E-04,2524.62
1.10E-04,2453.91
1.10E-04,2340.45
1.10E-04,2262.49
1.10E-04,2139.19
1.10E-04,1986.74
1.10E-04,1719.66
1.10E-04,1636.52
1.10E-04,1515.05
1.10E-04,1435.78
1.10E-04,1352.75
1.10E-04,1309.07
1.10E-04,1230.76
1.10E-04,1189.62
1.10E-04,1116.37
1.10E-04,1077.87
1.10E-04,1035.93
1.10E-04,974.452
1.10E-04,959.779
1.10E-04,902.4
1.10E-04,900.101
1.10E-04,844.029
1.10E-04,833.292
1.10E-04,776.897
1.10E-04,770.94
1.10E-04,715.017
1.10E-04,713.187
1.10E-04,665.226
1.10E-04,658.299
1.10E-04,625.623
1.10E-04,604.104
1.10E-04,588.264
1.10E-04,565.101
1.10E-04,553.553
1.10E-04,529.005
1.10E-04,521.224
1.10E-04,495.653
1.10E-04,491.155
1.10E-04,464.883
1.10E-04,463.22
1.10E-04,437.335
1.10E-04,436.548
1.10E-04,410.5
1.10E-04,408.146
1.10E-04,386.507
1.10E-04,384.347
1.10E-04,364.447
1.10E-04,362.48
1.10E-04,342.438
1.10E-04,337.804
1.10E-04,323.947
1.10E-04,317.218
1.10E-04,307.018
1.10E-04,294.069
1.10E-04,291.244
1.10E-04,276.855
1.10E-04,273.522
1.10E-04,263.644
1.10E-04,255.203
1.11E-04,239.963
1.11E-04,238.909
1.11E-04,228.145
1.11E-04,224.346
1.11E-04,217.273
1.11E-04,211.263
1.11E-04,207.257
1.11E-04,199.475
1.11E-04,198.018
1.11E-04,188.86
1.11E-04,186.878
1.11E-04,179.233
1.11E-04,176.863
1.11E-04,167.705
1.11E-04,159.524
1.11E-04,157.54
1.11E-04,152.029
1.11E-04,148.459
1.11E-04,145.555
1.11E-04,140.307
1.11E-04,139.553
1.11E-04,132.974
1.11E-04,132.289
1.11E-04,126.331
1.11E-04,125.718
1.11E-04,119.786
1.11E-04,117.481
1.11E-04,114.322
1.11E-04,109.716
1.11E-04,109.245
1.11E-04,104.67
1.11E-04,102.888
1.11E-04,99.8085
1.11E-04,96.8198
1.11E-04,94.7894
1.11E-04,91.3891
1.11E-04,90.2243
1.11E-04,86.5089
1.11E-04,86.0567
1.11E-04,82.2487
1.11E-04,82.106
1.11E-04,78.7727
1.11E-04,78.1226
1.11E-04,75.6031
1.11E-04,72.7937
1.11E-04,72.5784
1.11E-04,69.3815
1.11E-04,68.8717
1.11E-04,66.0511
1.11E-04,64.6808
1.11E-04,63.001
1.11E-04,60.9591
1.11E-04,60.2049
1.11E-04,57.636
1.11E-04,55.3165
1.11E-04,54.6695
1.11E-04,53.1672
1.11E-04,51.9933
1.11E-04,51.1729
1.12E-04,49.5728
1.12E-04,48.9595
1.12E-04,46.5772
1.12E-04,46.3457
1.12E-04,44.4651
1.12E-04,43.246
1.12E-04,42.5115
1.12E-04,40.7252
1.12E-04,40.5509
1.12E-04,39.1279
1.12E-04,38.2024
1.12E-04,37.6391
1.12E-04,36.2651
1.12E-04,36.1309
1.12E-04,34.8411
1.12E-04,34.3029
1.12E-04,33.3801
1.12E-04,32.1664
1.12E-04,32.0221
1.12E-04,30.8053
1.12E-04,30.7597
1.12E-04,29.7219
1.12E-04,28.9127
1.12E-04,28.6945
1.13E-04,27.7735
1.13E-04,27.3241
1.13E-04,26.9185
1.13E-04,25.9484
1.13E-04,25.9209
1.13E-04,25.1219
1.13E-04,24.7599
1.13E-04,24.388
1.13E-04,23.7128
1.13E-04,23.516
1.13E-04,23.1095
1.13E-04,22.7334
1.13E-04,22.4779
1.13E-04,22.1405
1.13E-04,21.6186
1.13E-04,21.6064
1.14E-04,21.1633
1.14E-04,20.9379
1.14E-04,20.7774
1.14E-04,20.4565
1.14E-04,20.422
1.14E-04,20.2727
1.14E-04,20.1218
1.14E-04,20.1185
1.14E-04,20.0297
1.14E-04,19.9676
1.14E-04,19.9609
1.14E-04,19.9694
1.14E-04,20.0079
1.14E-04,20.0104
1.14E-04,20.1183
1.14E-04,20.2443
1.14E-04,20.2728
1.15E-04,20.5121
1.15E-04,20.7056
1.15E-04,20.8166
1.15E-04,21.2149
1.15E-04,21.2794
1.15E-04,21.5915
1.15E-04,21.9318
1.15E-04,22.416
1.15E-04,22.6801
1.15E-04,22.9719
1.15E-04,23.6053
1.15E-04,24.3644
1.15E-04,24.7765
1.15E-04,25.2238
1.15E-04,25.7087
1.15E-04,26.2277
1.15E-04,26.79
1.15E-04,27.393
1.15E-04,28.042
1.15E-04,28.5135
1.15E-04,29.2503
1.15E-04,29.5327
1.15E-04,30.6261
1.15E-04,30.6616
1.15E-04,31.9317
1.15E-04,32.2088
1.15E-04,33.3494
1.15E-04,34.021
1.15E-04,34.9236
1.15E-04,35.5535
1.15E-04,36.6955
1.15E-04,37.2597
1.15E-04,38.6891
1.15E-04,39.1631
1.16E-04,40.7336
1.16E-04,41.2985
1.16E-04,42.7955
1.16E-04,43.7034
1.16E-04,45.0781
1.16E-04,45.7821
1.16E-04,47.6372
1.16E-04,48.4223
1.16E-04,50.503
1.16E-04,51.3852
1.16E-04,53.7104
1.16E-04,53.8339
1.16E-04,56.5523
1.16E-04,57.3697
1.16E-04,59.5237
1.16E-04,60.432
1.16E-04,62.8121
1.16E-04,63.818
1.16E-04,66.4551
1.16E-04,67.3864
1.16E-04,70.5118
1.16E-04,71.3422
1.16E-04,75.0487
1.16E-04,75.7416
1.16E-04,79.1439
1.16E-04,80.6769
1.16E-04,83.1033
1.16E-04,86.2152
1.16E-04,87.4127
1.16E-04,92.1299
1.16E-04,92.4614
1.16E-04,97.3384
1.16E-04,97.7062
1.16E-04,103.087
1.16E-04,103.493
1.16E-04,109.443
1.16E-04,109.668
1.16E-04,116.013
1.16E-04,116.505
1.16E-04,123.011
1.16E-04,124.372
1.16E-04,130.728
1.16E-04,133.145
1.16E-04,139.188
1.16E-04,139.52
1.16E-04,147.884
1.16E-04,148.615
1.16E-04,155.886
1.16E-04,159.092
1.16E-04,164.544
1.16E-04,170.693
1.16E-04,173.914
1.16E-04,183.549
1.16E-04,184.054
1.16E-04,195.16
1.16E-04,197.933
1.16E-04,207.226
1.16E-04,213.925
1.16E-04,220.283
1.16E-04,228.947
1.16E-04,234.484
1.16E-04,243.916
1.16E-04,249.934
1.16E-04,260.181
1.16E-04,266.719
1.16E-04,277.89
1.16E-04,287.681
1.16E-04,297.069
1.16E-04,310.679
1.16E-04,317.854
1.16E-04,335.886
1.16E-04,340.359
1.16E-04,363.479
1.16E-04,364.698
1.16E-04,391.123
1.16E-04,393.726
1.16E-04,419.712
1.16E-04,426.775
1.16E-04,450.517
1.16E-04,462.761
1.16E-04,482.035
1.16E-04,501.874
1.16E-04,515.667
1.16E-04,534.107
1.16E-04,551.745
1.16E-04,568.361
1.16E-04,590.444
1.16E-04,623.867
1.16E-04,653.002
1.16E-04,684.148
1.16E-04,721.478
1.16E-04,749.364
1.16E-04,770.488
1.16E-04,820.032
1.16E-04,837.23
1.16E-04,885.811
1.16E-04,908.685
1.16E-04,955.614
1.16E-04,984.721
1.16E-04,1029.41
1.16E-04,1065.45
1.16E-04,1133.99
1.16E-04,1172.12
1.16E-04,1216.74
1.16E-04,1285.65
1.16E-04,1332.75
1.16E-04,1453.91
1.16E-04,1466.39
1.16E-04,1645.34
1.16E-04,1724.23
1.16E-04,1976.75
1.17E-04,2189.62
1.17E-04,2307.07
1.17E-04,2382.9
1.17E-04,2493.11
1.17E-04,2563
1.17E-04,2662.78
1.17E-04,2725.26
1.17E-04,2764.57
1.17E-04,2819.62
1.17E-04,2854.14
1.17E-04,2901.47
1.17E-04,2930.74
1.17E-04,2962.8
1.17E-04,3002.92
1.17E-04,3026.21
1.17E-04,3053.55
1.17E-04,3062.21
1.17E-04,3076.03
1.17E-04,3081.74
1.17E-04,3083.78
1.17E-04,3081.84
1.17E-04,3071.92
1.17E-04,3064.99
1.17E-04,3047.77
1.17E-04,3032.03
1.17E-04,2999.15
1.17E-04,2993.67
1.17E-04,2939.15
1.17E-04,2932.26
1.17E-04,2865.06
1.17E-04,2856.83
1.17E-04,2778.16
1.17E-04,2768.59
1.17E-04,2627.06
1.17E-04,2616.15
1.17E-04,2456.36
1.17E-04,2444.31
1.17E-04,2208.39
1.17E-04,2195.63
1.17E-04,1744.62
1.17E-04,1694.05
1.17E-04,1557.97
1.17E-04,1509.46
1.17E-04,1438.95
1.17E-04,1335.28
1.17E-04,1324.21
1.17E-04,1229.51
1.17E-04,1187.32
1.17E-04,1114.08
1.17E-04,1074.74
1.17E-04,1041.81
1.17E-04,970.932
1.17E-04,946.787
1.17E-04,904.318
1.17E-04,871.559
1.17E-04,839.839
1.17E-04,801.719
1.17E-04,779.609
1.17E-04,737.191
1.17E-04,723.543
1.17E-04,677.809
1.17E-04,671.508
1.17E-04,623.367
1.17E-04,623.363
1.17E-04,586.897
1.17E-04,579.13
1.17E-04,552.758
1.17E-04,538.383
1.17E-04,520.793
1.17E-04,504.871
1.17E-04,491.134
1.17E-04,464.477
1.17E-04,463.224
1.17E-04,437.675
1.17E-04,428.232
1.17E-04,413.813
1.17E-04,395.536
1.17E-04,391.497
1.17E-04,370.946
1.17E-04,366.201
1.17E-04,351.96
1.17E-04,339.89
1.17E-04,333.418
1.17E-04,316.23
1.17E-04,314.763
1.17E-04,297.792
1.17E-04,295.061
1.17E-04,282.256
1.17E-04,276.074
1.17E-04,267.952
1.17E-04,258.991
1.17E-04,254.781
1.17E-04,243.603
1.17E-04,242.647
1.17E-04,231.57
1.17E-04,229.782
1.17E-04,221.382
1.17E-04,217.316
1.17E-04,211.956
1.17E-04,206.053
1.17E-04,200.537
1.17E-04,192.591
1.17E-04,190.747
1.17E-04,181.879
1.17E-04,180.737
1.17E-04,173.845
1.18E-04,170.26
1.18E-04,166.44
1.18E-04,160.902
1.18E-04,159.606
1.18E-04,153.34
1.18E-04,152.534
1.18E-04,145.809
1.18E-04,142.396
1.18E-04,138.901
1.18E-04,135.054
1.18E-04,132.673
1.18E-04,126.372
1.18E-04,120.275
1.18E-04,118.806
1.18E-04,114.729
1.18E-04,112.106
1.18E-04,109.667
1.18E-04,106.133
1.18E-04,105.032
1.18E-04,100.775
1.18E-04,96.91
1.18E-04,95.9717
1.18E-04,93.3286
1.18E-04,91.6197
1.18E-04,89.498
1.18E-04,86.1664
1.18E-04,85.4557
1.18E-04,81.7981
1.18E-04,81.3553
1.18E-04,78.4838
1.18E-04,77.0921
1.18E-04,75.4274
1.18E-04,73.2741
1.18E-04,72.6037
1.18E-04,70.0004
1.18E-04,69.8421
1.18E-04,67.654
1.18E-04,65.3145
1.18E-04,65.1205
1.18E-04,62.615
1.18E-04,61.3995
1.18E-04,60.2952
1.18E-04,58.1519
1.18E-04,57.3698
1.18E-04,56.1894
1.18E-04,54.3519
1.18E-04,53.9039
1.18E-04,52.6805
1.18E-04,51.0897
1.18E-04,50.8956
1.19E-04,49.476
1.19E-04,48.2671
1.19E-04,47.7906
1.19E-04,46.2465
1.19E-04,45.9455
1.19E-04,44.8348
1.19E-04,43.8872
1.19E-04,43.5152
1.19E-04,42.3062
1.19E-04,41.4791
1.19E-04,41.1571
1.19E-04,39.5924
1.19E-04,39.3895
1.19E-04,38.4642
1.19E-04,37.5612
1.19E-04,37.3955
1.19E-04,36.4247
1.19E-04,35.9499
1.19E-04,35.5207
1.19E-04,34.6811
1.19E-04,33.8622
1.19E-04,33.4969
1.19E-04,32.4336
1.19E-04,32.088
1.20E-04,31.5709
1.20E-04,30.763
1.20E-04,30.5653
1.20E-04,30.0211
1.20E-04,29.6658
1.20E-04,29.3427
1.20E-04,28.71
1.20E-04,28.0893
1.20E-04,27.283
1.20E-04,26.7577
1.20E-04,26.6989
1.20E-04,26.1237
1.20E-04,25.6161
1.20E-04,25.5652
1.21E-04,25.0671
1.21E-04,24.6268
1.21E-04,24.5825
1.21E-04,24.1469
1.21E-04,23.7627
1.21E-04,23.5344
1.21E-04,23.1615
1.21E-04,22.6848
1.21E-04,22.6487
1.21E-04,22.2691
1.21E-04,21.865
1.22E-04,21.7119
1.22E-04,21.4944
1.22E-04,21.1464
1.22E-04,20.909
1.22E-04,20.8145
1.22E-04,20.3621
1.22E-04,20.2138
1.22E-04,20.0508
1.22E-04,19.7298
1.23E-04,19.4924
1.23E-04,19.4237
1.23E-04,19.1529
1.23E-04,18.8856
1.23E-04,18.5894
1.23E-04,18.5049
1.24E-04,18.1729
1.24E-04,17.8464
1.24E-04,17.8228
1.24E-04,17.5092
1.24E-04,17.2234
1.24E-04,17.2033
1.25E-04,16.936
1.25E-04,16.6918
1.25E-04,16.6747
1.25E-04,16.4431
1.26E-04,16.2062
1.26E-04,16.1075
1.26E-04,15.9927
1.26E-04,15.7967
1.27E-04,15.6027
1.27E-04,15.4104
1.27E-04,15.2205
1.28E-04,15.0326
1.28E-04,14.8464
1.28E-04,14.6898
1.29E-04,14.5073
1.29E-04,14.3264
1.30E-04,14.1695
1.30E-04,14.0137
1.31E-04,13.8776
1.31E-04,13.7424
1.32E-04,13.608
1.32E-04,13.4745
1.33E-04,13.3023
1.33E-04,13.1315
1.34E-04,13.0184
1.34E-04,12.979
1.35E-04,12.8615
1.35E-04,12.7057
1.36E-04,12.5612
1.36E-04,12.5132
1.37E-04,12.4311
1.38E-04,12.2783
1.39E-04,12.1369
1.39E-04,12.0665
1.39E-04,11.9938
1.40E-04,11.8493
1.41E-04,11.7045
1.42E-04,11.5596
1.43E-04,11.4875
1.43E-04,11.4182
1.44E-04,11.2803
1.45E-04,11.2116
1.46E-04,11.0766
1.47E-04,10.9761
1.47E-04,10.876
1.48E-04,10.7764
1.49E-04,10.6774
1.50E-04,10.5813
1.50E-04,10.5495
1.50E-04,10.4769
1.51E-04,10.3687
1.52E-04,10.2615
1.52E-04,10.1906
1.53E-04,10.1203
1.53E-04,10.0439
1.54E-04,9.96809
1.54E-04,9.89297
1.55E-04,9.81862
1.55E-04,9.73142
1.56E-04,9.64521
1.56E-04,9.56013
1.56E-04,9.47641
1.57E-04,9.38392
1.57E-04,9.293
1.58E-04,9.22601
1.58E-04,9.20406
1.58E-04,9.15112
1.58E-04,9.07302
1.59E-04,8.99644
1.59E-04,8.92158
1.59E-04,8.89729
1.59E-04,8.83884
1.60E-04,8.75347
1.60E-04,8.67076
1.60E-04,8.60737
1.60E-04,8.54552
1.61E-04,8.48538
1.61E-04,8.42718
1.61E-04,8.35922
1.61E-04,8.29368
1.61E-04,8.23085
1.62E-04,8.17118
1.62E-04,8.09604
1.62E-04,8.02571
1.62E-04,7.98186
1.62E-04,7.94078
1.62E-04,7.90276
1.63E-04,7.85844
1.63E-04,7.81797
1.63E-04,7.77518
1.63E-04,7.73962
1.63E-04,7.72051
1.63E-04,7.70556
1.64E-04,7.69465
1.64E-04,7.68891
1.64E-04,7.68897
1.64E-04,7.69435
1.64E-04,7.70528
1.64E-04,7.72239
1.64E-04,7.73097
1.64E-04,7.75257
1.64E-04,7.79393
1.64E-04,7.84398
1.64E-04,7.87821
1.65E-04,7.90977
1.65E-04,7.99459
1.65E-04,8.06467
1.65E-04,8.10551
1.65E-04,8.24505
1.65E-04,8.27161
1.65E-04,8.41843
1.65E-04,8.43144
1.65E-04,8.55961
1.65E-04,8.67499
1.65E-04,8.71768
1.65E-04,8.90121
1.65E-04,8.96539
1.65E-04,9.10218
1.65E-04,9.31246
1.65E-04,9.32495
1.65E-04,9.56077
1.65E-04,9.77498
1.65E-04,9.83178
1.66E-04,10.1335
1.66E-04,10.1428
1.66E-04,10.4995
1.66E-04,10.5522
1.66E-04,10.905
1.66E-04,11.0019
1.66E-04,11.3666
1.66E-04,11.4769
1.66E-04,11.8181
1.66E-04,12.0229
1.66E-04,12.4645
1.66E-04,12.6441
1.66E-04,12.9548
1.66E-04,13.3608
1.66E-04,13.4916
1.66E-04,13.9701
1.66E-04,14.0915
1.66E-04,14.65
1.66E-04,14.7585
1.66E-04,15.4107
1.66E-04,15.5018
1.66E-04,16.2639
1.66E-04,16.3322
1.66E-04,17.2806
1.66E-04,17.4879
1.66E-04,18.1076
1.66E-04,18.3548
1.66E-04,19.0194
1.66E-04,19.311
1.66E-04,20.025
1.66E-04,20.3681
1.66E-04,21.1365
1.66E-04,21.54
1.66E-04,22.3685
1.66E-04,22.8428
1.66E-04,23.738
1.66E-04,24.2955
1.66E-04,25.2625
1.67E-04,25.7075
1.67E-04,26.7702
1.67E-04,27.7572
1.67E-04,28.1985
1.67E-04,29.2887
1.67E-04,29.7727
1.67E-04,30.9705
1.67E-04,31.5027
1.67E-04,32.8228
1.67E-04,33.4098
1.67E-04,34.8693
1.67E-04,35.519
1.67E-04,37.1383
1.67E-04,37.86
1.67E-04,39.6475
1.67E-04,39.7802
1.67E-04,41.8787
1.67E-04,42.1753
1.67E-04,44.3276
1.67E-04,44.9821
1.67E-04,47.0201
1.67E-04,48.107
1.67E-04,49.9899
1.67E-04,51.6003
1.67E-04,53.2769
1.67E-04,55.5023
1.67E-04,55.9665
1.67E-04,58.903
1.67E-04,59.9378
1.67E-04,62.0853
1.67E-04,63.6481
1.67E-04,65.5566
1.67E-04,67.7353
1.67E-04,69.3353
1.67E-04,70.691
1.67E-04,73.1406
1.67E-04,76.4666
1.67E-04,77.0419
1.67E-04,81.291
1.67E-04,85.9289
1.67E-04,86.6304
1.67E-04,90.9756
1.67E-04,92.511
1.67E-04,96.4746
1.67E-04,98.9973
1.67E-04,102.473
1.67E-04,106.161
1.67E-04,109.022
1.67E-04,114.083
1.67E-04,116.177
1.67E-04,122.85
1.67E-04,124.001
1.67E-04,132.559
1.67E-04,142.433
1.67E-04,143.392
1.67E-04,152.267
1.67E-04,153.28
1.67E-04,163.002
1.67E-04,165.223
1.67E-04,174.701
1.67E-04,178.355
1.67E-04,187.446
1.67E-04,192.784
1.67E-04,201.319
1.67E-04,208.624
1.67E-04,216.409
1.67E-04,225.997
1.67E-04,232.805
1.67E-04,245.027
1.67E-04,250.563
1.67E-04,261.148
1.67E-04,268.285
1.67E-04,278.47
1.67E-04,294.692
1.67E-04,296.894
1.67E-04,316.708
1.67E-04,323.943
1.67E-04,337.845
1.67E-04,356.008
1.67E-04,360.279
1.67E-04,384.242
1.67E-04,391.221
1.67E-04,409.732
1.67E-04,429.804
1.67E-04,447.795
1.67E-04,466.799
1.67E-04,488.991
1.67E-04,506.528
1.67E-04,533.373
1.67E-04,549.045
1.67E-04,581.097
1.67E-04,611.316
1.67E-04,631.958
1.67E-04,682.246
1.67E-04,685.919
1.67E-04,743.249
1.67E-04,759.2
1.68E-04,820.019
1.68E-04,824.133
1.68E-04,905.646
1.68E-04,910.007
1.68E-04,1023.29
1.68E-04,1042.05
1.68E-04,1165.46
1.68E-04,1425.59
1.68E-04,1501.43
1.68E-04,1564.93
1.68E-04,1635.88
1.68E-04,1652.65
1.68E-04,1717.97
1.68E-04,1733.26
1.68E-04,1792.3
1.68E-04,1805.8
1.68E-04,1857.36
1.68E-04,1868.8
1.68E-04,1911.79
1.68E-04,1920.96
1.68E-04,1953.67
1.68E-04,1957.97
1.68E-04,1979.69
1.68E-04,1982
1.68E-04,1997.93
1.68E-04,1998.54
1.68E-04,2001.88
1.68E-04,2004.76
1.68E-04,2004.84
1.68E-04,1995.62
1.68E-04,1975.51
1.68E-04,1969.51
1.68E-04,1949.09
1.68E-04,1932.58
1.68E-04,1910.17
1.68E-04,1884
1.68E-04,1856.25
1.68E-04,1824.95
1.68E-04,1792.28
1.68E-04,1756.53
1.68E-04,1719.42
1.68E-04,1639.03
1.68E-04,1597.7
1.68E-04,1509.83
1.68E-04,1465.29
1.68E-04,1189.67
1.68E-04,1098.88
1.68E-04,1054.93
1.68E-04,968.572
1.68E-04,947.769
1.68E-04,886.531
1.68E-04,866.877
1.68E-04,809.082
1.68E-04,790.653
1.68E-04,736.448
1.68E-04,670.856
1.68E-04,669.211
1.68E-04,630.075
1.68E-04,619.312
1.68E-04,591.479
1.68E-04,572.842
1.68E-04,544.928
1.68E-04,529.647
1.68E-04,505.42
1.68E-04,489.761
1.68E-04,468.933
1.68E-04,449.753
1.68E-04,435.215
1.69E-04,413.33
1.69E-04,404.18
1.69E-04,380.26
1.69E-04,377.524
1.69E-04,356.694
1.69E-04,350.421
1.69E-04,337.283
1.69E-04,323.483
1.69E-04,319.057
1.69E-04,302.187
1.69E-04,299.226
1.69E-04,286.658
1.69E-04,277.441
1.69E-04,272.096
1.69E-04,258.513
1.69E-04,257.832
1.69E-04,246.179
1.69E-04,239.096
1.69E-04,234.55
1.69E-04,222.377
1.69E-04,220.334
1.69E-04,208.428
1.69E-04,207.461
1.69E-04,197.654
1.69E-04,194.18
1.69E-04,187.761
1.69E-04,182.289
1.69E-04,178.673
1.69E-04,171.624
1.69E-04,170.317
1.69E-04,162.673
1.69E-04,162.051
1.69E-04,155.703
1.69E-04,153.448
1.69E-04,149.254
1.69E-04,145.68
1.69E-04,141.398
1.69E-04,138.626
1.69E-04,134.357
1.69E-04,130.204
1.69E-04,128.3
1.69E-04,122.734
1.69E-04,117.735
1.69E-04,116.107
1.69E-04,113.099
1.69E-04,110.168
1.69E-04,107.45
1.69E-04,104.809
1.69E-04,102.352
1.69E-04,99.9593
1.69E-04,97.7624
1.69E-04,93.4809
1.69E-04,89.6306
1.69E-04,85.4598
1.69E-04,84.4432
1.69E-04,81.6532
1.69E-04,79.8384
1.69E-04,78.1695
1.69E-04,75.725
1.69E-04,74.9723
1.69E-04,72.0302
1.69E-04,69.3619
1.69E-04,68.7081
1.69E-04,66.9164
1.69E-04,64.5747
1.69E-04,64.2879
1.69E-04,61.8763
1.69E-04,60.4455
1.70E-04,59.3766
1.70E-04,57.0628
1.70E-04,54.998
1.70E-04,54.084
1.70E-04,53.0679
1.70E-04,51.4271
1.70E-04,51.2654
1.70E-04,49.6265
1.70E-04,49.0552
1.70E-04,48.1147
1.70E-04,46.2715
1.70E-04,45.9328
1.70E-04,44.6241
1.70E-04,43.2433
1.70E-04,43.0663
1.70E-04,41.6788
1.70E-04,40.8275
1.70E-04,40.3692
1.70E-04,39.1695
1.70E-04,38.5797
1.70E-04,38.0494
1.70E-04,37.0068
1.70E-04,36.6222
1.70E-04,35.927
1.70E-04,34.9022
1.70E-04,33.9725
1.70E-04,33.8708
1.71E-04,33.1282
1.71E-04,32.3056
1.71E-04,32.0362
1.71E-04,31.202
1.71E-04,30.3074
1.71E-04,30.1693
1.71E-04,29.3573
1.71E-04,28.8249
1.71E-04,28.5873
1.71E-04,27.886
1.71E-04,27.5407
1.71E-04,27.2304
1.71E-04,26.6193
1.71E-04,26.4183
1.71E-04,26.0613
1.71E-04,25.5333
1.72E-04,25.0988
1.72E-04,25.0224
1.72E-04,24.4951
1.72E-04,23.9751
1.72E-04,23.5118
1.72E-04,23.3158
1.72E-04,23.0826
1.72E-04,22.6797
1.72E-04,22.1691
1.72E-04,22.0954
1.72E-04,21.5884
1.73E-04,21.2078
1.73E-04,21.1662
1.73E-04,20.7966
1.73E-04,20.4317
1.73E-04,20.3916
1.73E-04,20.1088
1.73E-04,19.7943
1.73E-04,19.6906
1.73E-04,19.5111
1.73E-04,19.1126
1.74E-04,18.8067
1.74E-04,18.5085
1.74E-04,18.2139
1.74E-04,17.9584
1.74E-04,17.7057
1.74E-04,17.6222
1.74E-04,17.4804
1.75E-04,17.2697
1.75E-04,17.061
1.75E-04,16.8886
1.75E-04,16.8454
1.75E-04,16.6461
1.75E-04,16.4487
1.76E-04,16.267
1.76E-04,16.2553
1.76E-04,16.0929
1.76E-04,15.8517
1.76E-04,15.7154
1.77E-04,15.6291
1.77E-04,15.4866
1.77E-04,15.3357
1.77E-04,15.2609
1.77E-04,15.1328
1.78E-04,14.9427
1.78E-04,14.8799
1.78E-04,14.7733
1.78E-04,14.6149
1.79E-04,14.4866
1.79E-04,14.4578
1.79E-04,14.3583
1.79E-04,14.2364
1.80E-04,14.1459
1.80E-04,14.1141
1.80E-04,14.0967
1.80E-04,14.0785
1.80E-04,112.334
1.83E-04,111.622
1.85E-04,110.899
1.88E-04,110.167
1.90E-04,109.53
1.93E-04,108.835
1.95E-04,108.131
1.98E-04,107.416
2.00E-04,106.938
2.03E-04,106.266
2.06E-04,105.584
2.09E-04,104.893
2.12E-04,104.192
2.13E-04,103.96
2.15E-04,103.306
2.19E-04,102.643
2.22E-04,101.97
2.25E-04,101.288
2.25E-04,101.233
2.28E-04,100.596
2.31E-04,99.9502
2.35E-04,99.295
2.38E-04,98.7247
2.41E-04,98.1033
2.44E-04,97.4732
2.48E-04,96.8341
2.50E-04,96.4066
2.54E-04,95.7998
2.57E-04,95.1844
2.61E-04,94.5604
2.63E-04,94.2561
2.66E-04,93.6628
2.70E-04,93.0612
2.74E-04,92.4512
2.75E-04,92.2538
2.79E-04,91.6733
2.83E-04,91.0846
2.87E-04,90.4876
2.88E-04,90.3835
2.92E-04,89.8149
2.96E-04,89.2383
3.00E-04,88.6536
3.00E-04,88.6313
3.04E-04,88.0739
3.09E-04,87.5087
3.13E-04,86.9852
3.17E-04,86.4384
3.21E-04,85.8839
3.25E-04,85.435
3.30E-04,84.9127
3.34E-04,84.383
3.39E-04,83.8459
3.44E-04,83.3012
3.49E-04,82.7489
3.50E-04,82.5873
3.55E-04,82.0821
3.60E-04,81.5697
3.65E-04,81.0501
3.70E-04,80.5231
3.75E-04,80.0292
3.80E-04,79.5394
3.86E-04,79.0427
3.91E-04,78.539
3.97E-04,78.0282
4.00E-04,77.7147
4.06E-04,77.239
4.11E-04,76.7566
4.17E-04,76.2674
4.23E-04,75.7713
4.25E-04,75.6074
4.31E-04,75.1446
4.37E-04,74.6754
4.43E-04,74.1995
4.49E-04,73.7169
4.50E-04,73.678
4.56E-04,73.2272
4.63E-04,72.7701
4.69E-04,72.3065
4.75E-04,71.9029
4.82E-04,71.4632
4.88E-04,71.0173
4.95E-04,70.5651
5.00E-04,70.2625
5.07E-04,69.8331
5.14E-04,69.3976
5.21E-04,68.956
5.25E-04,68.7407
5.32E-04,68.3208
5.40E-04,67.8951
5.48E-04,67.4633
5.50E-04,67.3236
5.58E-04,66.9128
5.66E-04,66.4962
5.74E-04,66.0736
5.75E-04,66
5.83E-04,65.5976
5.91E-04,65.1895
6.00E-04,64.7756
6.00E-04,64.7598
6.08E-04,64.3653
6.17E-04,63.9653
6.25E-04,63.5947
6.34E-04,63.2077
6.43E-04,62.8153
6.50E-04,62.4975
6.59E-04,62.1278
6.68E-04,61.7529
6.78E-04,61.3727
6.87E-04,60.9871
6.97E-04,60.5961
7.00E-04,60.4817
7.10E-04,60.1241
7.20E-04,59.7613
7.30E-04,59.3935
7.40E-04,59.0204
7.50E-04,58.6708
7.61E-04,58.324
7.71E-04,57.9724
7.82E-04,57.6157
7.93E-04,57.2541
8.00E-04,57.0322
8.11E-04,56.6954
8.23E-04,56.3538
8.34E-04,56.0074
8.46E-04,55.6561
8.50E-04,55.5401
8.62E-04,55.2124
8.74E-04,54.8801
8.86E-04,54.5432
8.99E-04,54.2014
9.00E-04,54.1739
9.13E-04,53.8547
9.26E-04,53.531
9.39E-04,53.2027
9.50E-04,52.9169
9.63E-04,52.6054
9.77E-04,52.2896
9.91E-04,51.9694
1.00E-03,51.7551
1.01E-03,51.4553
1.03E-03,51.1513
1.04E-03,50.843
1.06E-03,50.5303
1.07E-03,50.261
1.09E-03,49.9702
1.10E-03,49.6753
1.12E-03,49.3762
1.13E-03,49.0729
1.14E-03,48.9069
1.16E-03,48.6243
1.17E-03,48.3378
1.19E-03,48.0472
1.21E-03,47.7525
1.21E-03,47.6723
1.23E-03,47.3973
1.25E-03,47.1184
1.26E-03,46.8356
1.28E-03,46.5487
1.28E-03,46.5404
1.30E-03,46.2724
1.32E-03,46.0006
1.34E-03,45.725
1.35E-03,45.4979
1.37E-03,45.2363
1.39E-03,44.9711
1.41E-03,44.7021
1.42E-03,44.5334
1.44E-03,44.2779
1.46E-03,44.0187
1.48E-03,43.7559
1.49E-03,43.6377
1.51E-03,43.3878
1.53E-03,43.1344
1.56E-03,42.8774
1.56E-03,42.803
1.58E-03,42.5584
1.61E-03,42.3102
1.63E-03,42.0586
1.63E-03,42.0226
1.66E-03,41.7829
1.68E-03,41.5398
1.70E-03,41.2933
1.70E-03,41.2909
1.73E-03,41.0558
1.75E-03,40.8174
1.77E-03,40.603
1.80E-03,40.3723
1.82E-03,40.1383
1.84E-03,39.9547
1.87E-03,39.7341
1.90E-03,39.5105
1.92E-03,39.2837
1.95E-03,39.0537
1.98E-03,38.8205
1.98E-03,38.7625
2.01E-03,38.549
2.04E-03,38.3325
2.07E-03,38.113
2.10E-03,37.8904
2.13E-03,37.6902
2.15E-03,37.4831
2.19E-03,37.2731
2.22E-03,37.0602
2.25E-03,36.8442
2.27E-03,36.7189
2.30E-03,36.5177
2.33E-03,36.3136
2.36E-03,36.1067
2.40E-03,35.8968
2.41E-03,35.8336
2.44E-03,35.6378
2.47E-03,35.4391
2.51E-03,35.2377
2.54E-03,35.0334
2.55E-03,35.0223
2.58E-03,34.8314
2.62E-03,34.6378
2.66E-03,34.4415
2.69E-03,34.2752
2.73E-03,34.0888
2.76E-03,33.8999
2.80E-03,33.7083
2.83E-03,33.5841
2.87E-03,33.4021
2.91E-03,33.2174
2.95E-03,33.0302
2.97E-03,32.9424
3.01E-03,32.7644
3.05E-03,32.5838
3.10E-03,32.4006
3.11E-03,32.3445
3.15E-03,32.1702
3.20E-03,31.9933
3.24E-03,31.814
3.25E-03,31.7856
3.30E-03,31.6147
3.34E-03,31.4414
3.39E-03,31.2657
3.39E-03,31.2615
3.44E-03,31.0939
3.49E-03,30.9239
3.53E-03,30.7688
3.58E-03,30.6043
3.63E-03,30.4374
3.67E-03,30.3044
3.72E-03,30.1428
3.78E-03,29.979
3.81E-03,29.8658
3.87E-03,29.711
3.92E-03,29.5541
3.98E-03,29.395
4.03E-03,29.2336
4.09E-03,29.07
4.09E-03,29.0567
4.15E-03,28.9067
4.21E-03,28.7545
4.27E-03,28.6003
4.33E-03,28.4438
4.38E-03,28.3262
4.44E-03,28.1805
4.50E-03,28.0327
4.56E-03,27.8828
4.63E-03,27.7309
4.66E-03,27.6622
4.72E-03,27.5204
4.79E-03,27.3767
4.86E-03,27.2308
4.92E-03,27.083
4.94E-03,27.0552
5.01E-03,26.917
5.08E-03,26.7769
5.15E-03,26.6348
5.22E-03,26.4974
5.29E-03,26.3625
5.37E-03,26.2258
5.44E-03,26.0871
5.50E-03,25.9823
5.58E-03,25.8506
5.66E-03,25.717
5.74E-03,25.5815
5.78E-03,25.5049
5.86E-03,25.376
5.95E-03,25.2453
6.03E-03,25.1128
6.06E-03,25.0605
6.15E-03,24.9344
6.23E-03,24.8064
6.32E-03,24.6767
6.34E-03,24.6457
6.43E-03,24.522
6.52E-03,24.3966
6.62E-03,24.2695
6.63E-03,24.2571
6.72E-03,24.1358
6.81E-03,24.0128
6.91E-03,23.8921
7.00E-03,23.7731
7.10E-03,23.6523
7.19E-03,23.5484
7.29E-03,23.4346
7.39E-03,23.3192
7.50E-03,23.2021
7.60E-03,23.0834
7.71E-03,22.963
7.75E-03,22.917
7.86E-03,22.8067
7.97E-03,22.6949
8.08E-03,22.5814
8.20E-03,22.4664
8.31E-03,22.3498
8.31E-03,22.3496
8.43E-03,22.2425
8.55E-03,22.1339
8.67E-03,22.0238
8.79E-03,21.9121
8.88E-03,21.8359
9.00E-03,21.7317
9.13E-03,21.6261
9.26E-03,21.5189
9.39E-03,21.4103
9.44E-03,21.3679
9.57E-03,21.2663
9.71E-03,21.1634
9.84E-03,21.059
9.98E-03,20.9531
1.00E-02,20.9389
1.01E-02,20.8403
1.03E-02,20.7402
1.04E-02,20.6388
1.06E-02,20.5359
1.06E-02,20.5019
1.08E-02,20.4057
1.09E-02,20.3081
1.11E-02,20.2092
1.12E-02,20.1089
1.13E-02,20.1008
1.14E-02,20.0069
1.16E-02,19.9116
1.17E-02,19.815
1.19E-02,19.7309
1.20E-02,19.639
1.22E-02,19.5459
1.24E-02,19.4514
1.25E-02,19.3883
1.27E-02,19.2983
1.29E-02,19.2072
1.30E-02,19.1147
1.31E-02,19.0696
1.33E-02,18.9815
1.35E-02,18.8921
1.37E-02,18.8015
1.38E-02,18.7722
1.39E-02,18.6858
1.41E-02,18.5981
1.43E-02,18.5092
1.44E-02,18.4937
1.46E-02,18.4089
1.48E-02,18.3228
1.50E-02,18.2355
1.50E-02,18.2322
1.52E-02,18.1511
1.54E-02,18.0689
1.56E-02,17.9856
1.59E-02,17.901
1.61E-02,17.8153
1.63E-02,17.7534
1.65E-02,17.6748
1.67E-02,17.5951
1.69E-02,17.5142
1.72E-02,17.4322
1.74E-02,17.3491
1.75E-02,17.3248
1.77E-02,17.2483
1.80E-02,17.1708
1.83E-02,17.0922
1.85E-02,17.0125
1.88E-02,16.9378
1.90E-02,16.8633
1.93E-02,16.7878
1.96E-02,16.7113
1.98E-02,16.6336
2.00E-02,16.586
2.00E-02,16.586
2.03E-02,16.5133
2.06E-02,16.4396
2.09E-02,16.3649
2.12E-02,16.2891
2.13E-02,16.2641
2.15E-02,16.1931
2.19E-02,16.121
2.22E-02,16.048
2.25E-02,15.9739
2.25E-02,15.9679
2.28E-02,15.8984
2.31E-02,15.8279
2.35E-02,15.7564
2.38E-02,15.6942
2.41E-02,15.626
2.44E-02,15.5569
2.48E-02,15.4868
2.50E-02,15.4399
2.54E-02,15.3731
2.57E-02,15.3052
2.61E-02,15.2365
2.63E-02,15.2029
2.66E-02,15.1372
2.70E-02,15.0706
2.74E-02,15.0031
2.75E-02,14.9812
2.79E-02,14.9166
2.83E-02,14.8511
2.87E-02,14.7847
2.88E-02,14.7731
2.92E-02,14.7095
2.96E-02,14.6451
3.00E-02,14.5797
3.00E-02,14.5772
3.04E-02,14.5163
3.09E-02,14.4545
3.13E-02,14.3918
3.17E-02,14.3283
3.22E-02,14.2639
3.25E-02,14.2173
3.30E-02,14.158
3.34E-02,14.0978
3.39E-02,14.0367
3.44E-02,13.9748
3.49E-02,13.9121
3.50E-02,13.8937
3.55E-02,13.8357
3.60E-02,13.777
3.65E-02,13.7174
3.70E-02,13.6569
3.75E-02,13.6003
3.80E-02,13.5436
3.86E-02,13.4861
3.91E-02,13.4278
3.97E-02,13.3687
4.00E-02,13.3324
4.06E-02,13.2769
4.11E-02,13.2206
4.17E-02,13.1635
4.23E-02,13.1057
4.26E-02,13.0792
4.32E-02,13.0247
4.38E-02,12.9695
4.44E-02,12.9136
4.50E-02,12.8568
4.52E-02,12.8458
4.58E-02,12.7924
4.64E-02,12.7382
4.71E-02,12.6832
4.77E-02,12.6297
5.00E-02,12.4521
5.03E-02,12.4308
5.03E-02,12.4296
5.03E-02,12.4178
6.00E-02,11.5513
7.00E-02,10.8628
7.00E-02,10.8626
7.05E-02,10.8268
8.00E-02,10.2967
8.06E-02,10.2638
9.00E-02,9.82722
9.06E-02,9.79686
1.00E-01,9.42648
1.29E-01,8.66906
1.50E-01,8.11161
1.92E-01,7.50775
2.00E-01,7.38583
2.16E-01,7.24377
2.24E-01,7.18354
2.50E-01,6.96057
3.00E-01,6.70825
3.00E-01,6.70814
3.17E-01,6.6676
3.19E-01,6.66686
4.00E-01,6.49243
4.67E-01,6.48195
4.95E-01,6.47747
5.00E-01,6.47678
5.20E-01,6.49134
5.20E-01,6.49134
5.44E-01,6.50833
5.85E-01,6.53815
6.00E-01,6.54876
6.04E-01,6.55214
6.09E-01,6.55577
6.36E-01,6.58539
6.36E-01,6.58539
6.61E-01,6.60647
6.94E-01,6.64477
7.00E-01,6.65119
7.00E-01,6.65122
7.54E-01,6.70674
7.74E-01,6.72416
7.80E-01,6.73285
7.98E-01,6.75028
8.00E-01,6.75379
8.15E-01,6.76871
8.65E-01,6.81648
8.89E-01,6.84561
9.00E-01,6.85642
9.10E-01,6.86015
9.13E-01,6.86239
9.40E-01,6.88747
9.49E-01,6.89579
9.49E-01,6.89579
9.64E-01,6.90408
9.84E-01,6.92431
9.90E-01,6.92588
1.00E+00,6.93767
1.04E+00,6.96059
1.05E+00,6.96705
1.10E+00,7.0013
1.20E+00,7.04958
1.30E+00,7.07679
1.33E+00,7.07745
1.40E+00,7.07931
1.50E+00,7.08731
1.54E+00,7.08408
1.60E+00,7.07377
1.70E+00,7.05469
1.70E+00,7.0539
1.71E+00,7.05141
1.80E+00,7.0143
1.90E+00,6.97797
1.92E+00,6.97097
1.92E+00,6.96983
1.94E+00,6.95864
2.00E+00,6.93439
2.01E+00,6.93035
2.01E+00,6.93035
2.16E+00,6.833
2.21E+00,6.80375
2.28E+00,6.75943
2.30E+00,6.74505
2.37E+00,6.70264
2.39E+00,6.6924
2.39E+00,6.69011
2.47E+00,6.64249
2.50E+00,6.62064
2.50E+00,6.6203
2.53E+00,6.60366
2.55E+00,6.59255
2.56E+00,6.58331
3.00E+00,6.25016
3.50E+00,5.86001
3.52E+00,5.84004
4.00E+00,5.48812
4.14E+00,5.40968
5.00E+00,4.91644
5.33E+00,4.82068
5.33E+00,4.82068
6.00E+00,4.62391
7.00E+00,4.55766
8.00E+00,4.61509
8.74E+00,4.69684
9.00E+00,4.72577
9.13E+00,4.7397
1.00E+01,4.84685
1.01E+01,4.85622
1.03E+01,4.88457
1.10E+01,4.97238
1.11E+01,4.98273
1.20E+01,5.08424
1.29E+01,5.16294
1.30E+01,5.16759
1.40E+01,5.21505
1.40E+01,5.21625
1.45E+01,5.22174
1.50E+01,5.22664
1.60E+01,5.19893
1.70E+01,5.13424
1.71E+01,5.12618
1.80E+01,5.04504
1.81E+01,5.03319
1.90E+01,4.9344
1.93E+01,4.90418
2.00E+01,4.8143
